,issues_closed,issues_open,pulls_closed,pulls_open,forks,stargazers,subscribers,contributors,commits,total_commits,pypi_daily,pypi_180_cumulative,updated_on
2021-10-06,28,4,76,1,4,7,8,3,0,507,6,475,2021-10-19
2021-10-07,28,4,76,1,4,7,8,3,0,507,5,480,2021-10-19
2021-10-08,28,4,76,1,4,7,8,3,0,507,1,481,2021-10-19
2021-10-09,28,4,76,1,4,7,8,3,0,507,0,481,2021-10-19
2021-10-10,28,4,76,1,4,7,8,3,0,507,1,482,2021-10-19
2021-10-11,28,4,76,1,4,7,8,3,0,507,0,482,2021-10-19
2021-10-12,28,4,76,1,4,7,8,3,0,507,7,489,2021-10-19
2021-10-13,28,4,76,1,4,7,8,3,0,507,1,490,2021-10-19
2021-10-14,28,4,76,1,4,7,8,3,0,507,1,466,2021-10-27
2021-10-15,28,4,76,1,4,7,8,3,0,507,1,467,2021-10-27
2021-10-16,28,4,76,1,4,7,8,3,0,507,0,468,2021-10-29
2021-10-17,28,4,76,1,4,7,8,3,0,507,0,468,2021-10-29
2021-10-18,28,4,76,1,4,7,8,3,0,507,3,468,2021-10-29
2021-10-19,28,4,76,1,4,7,8,3,0,507,0,467,2021-11-01
2021-10-20,28,4,76,1,4,7,8,3,0,507,2,467,2021-11-01
2021-10-21,28,4,76,1,4,7,8,3,0,507,2,469,2021-11-01
2021-10-22,28,4,76,1,4,7,8,3,0,507,0,469,2021-11-01
2021-10-23,28,4,76,1,4,7,8,3,0,507,0,469,2021-11-01
2021-10-24,28,4,76,1,4,7,8,3,0,507,0,469,2021-11-01
2021-10-25,28,4,76,1,4,7,8,3,0,507,0,469,2021-11-01
2021-10-26,28,4,76,1,4,7,8,3,0,507,0,472,2021-11-08
2021-10-27,28,4,76,1,4,7,8,3,0,507,16,472,2021-11-08
2021-10-28,28,4,76,1,4,7,8,3,0,507,2,474,2021-11-08
2021-10-29,28,4,76,1,4,7,8,3,0,507,0,474,2021-11-08
2021-10-30,28,4,76,1,4,7,8,3,0,507,1,475,2021-11-08
2021-10-31,28,4,76,1,4,7,8,3,0,507,0,475,2021-11-08
2021-11-01,28,4,76,1,4,7,8,3,0,507,2,477,2021-11-08
2021-11-02,28,4,76,1,4,7,8,3,0,507,3,470,2021-11-15
2021-11-03,28,4,76,1,4,7,8,3,0,507,0,470,2021-11-15
2021-11-04,28,4,76,1,4,7,8,3,0,507,3,473,2021-11-15
2021-11-05,28,4,76,1,4,7,8,3,0,507,1,474,2021-11-15
2021-11-06,28,4,76,1,4,7,8,3,0,507,0,467,2021-11-19
2021-11-07,28,4,76,1,4,7,8,3,0,507,1,467,2021-11-19
2021-11-08,28,4,76,1,4,7,8,3,0,507,0,467,2021-11-19
2021-11-09,28,4,76,1,4,7,8,3,0,507,0,466,2021-11-22
2021-11-10,28,4,76,1,4,7,8,3,0,507,5,466,2021-11-22
2021-11-11,28,4,76,1,4,7,8,3,0,507,3,469,2021-11-22
2021-11-12,28,4,76,1,4,7,8,3,0,507,0,469,2021-11-22
2021-11-13,28,4,76,1,4,7,8,3,0,507,0,469,2021-11-22
2021-11-14,28,4,76,1,4,7,8,3,0,507,1,470,2021-11-22
2021-11-15,28,4,76,1,4,7,8,3,0,507,0,470,2021-11-22
2021-11-16,28,4,76,1,4,7,8,3,0,507,22,440,2021-11-29
2021-11-17,28,4,76,1,4,7,8,3,0,507,2,442,2021-11-29
2021-11-18,28,4,76,1,4,7,8,3,0,507,1,443,2021-11-29
2021-11-19,28,4,76,1,4,7,8,3,0,507,0,443,2021-11-29
2021-11-20,28,4,76,1,4,7,8,3,0,507,0,443,2021-11-29
2021-11-21,28,4,76,1,4,7,8,3,0,507,0,443,2021-11-29
2021-11-22,28,4,76,1,4,7,8,3,0,507,0,443,2021-11-29
2021-11-23,28,4,76,1,4,8,8,3,0,507,0,0,2021-12-06
2021-11-24,28,4,76,1,4,8,8,3,0,507,0,0,2021-12-06
2021-11-25,28,4,76,1,4,8,8,3,0,507,0,0,2021-12-06
2021-11-26,28,4,76,1,4,8,8,3,0,507,0,0,2021-12-06
2021-11-27,28,4,76,1,4,8,8,3,0,507,0,0,2021-12-06
2021-11-28,28,4,76,1,4,8,8,3,0,507,0,0,2021-12-06
2021-11-29,28,4,76,1,4,8,8,3,0,507,0,0,2021-12-06
2021-11-30,28,5,76,1,4,8,8,3,0,507,0,419,2021-12-13
2021-12-01,28,5,76,1,4,8,8,3,0,507,3,419,2021-12-13
2021-12-02,28,5,76,1,4,8,8,3,0,507,0,419,2021-12-13
2021-12-03,28,5,76,1,4,8,8,3,0,507,0,419,2021-12-13
2021-12-04,28,5,76,1,4,8,8,3,0,507,0,419,2021-12-13
2021-12-05,28,5,76,1,4,8,8,3,0,507,0,419,2021-12-13
2021-12-06,28,5,76,1,4,8,8,3,0,507,0,419,2021-12-13
2021-12-07,28,6,76,1,4,8,8,3,0,507,1,359,2021-12-20
2021-12-08,28,6,76,1,4,8,8,3,0,507,1,360,2021-12-20
2021-12-09,28,6,76,1,4,8,8,3,0,507,0,360,2021-12-20
2021-12-10,28,6,76,1,4,8,8,3,0,507,0,360,2021-12-20
2021-12-11,28,6,76,1,4,8,8,3,0,507,0,360,2021-12-20
2021-12-12,28,6,76,1,4,8,8,3,0,507,0,360,2021-12-20
2021-12-13,28,6,76,1,4,8,8,3,0,507,0,360,2021-12-20
2021-12-14,28,6,76,1,4,8,8,3,0,507,0,360,2021-12-20
2021-12-15,28,6,76,2,4,8,8,3,0,507,1,331,2021-12-28
2021-12-16,28,6,76,2,4,8,8,3,0,507,0,331,2021-12-28
2021-12-17,28,6,76,2,4,8,8,3,0,507,1,332,2021-12-28
2021-12-18,28,6,76,2,4,8,8,3,0,507,1,333,2021-12-28
2021-12-19,28,6,76,2,4,8,8,3,0,507,1,334,2021-12-28
2021-12-20,28,6,76,2,4,8,8,3,0,507,0,334,2021-12-28
2021-12-21,28,6,76,2,4,8,8,3,0,507,1,307,2022-01-03
2021-12-22,28,6,76,2,4,8,8,3,0,507,0,307,2022-01-03
2021-12-23,28,6,76,2,4,8,8,3,0,507,0,307,2022-01-03
2021-12-24,28,6,76,2,4,8,8,3,0,507,1,308,2022-01-03
2021-12-25,28,6,76,2,4,8,8,3,0,507,1,309,2022-01-03
2021-12-26,28,6,76,2,4,8,8,3,0,507,0,309,2022-01-03
2021-12-27,28,6,76,2,4,8,8,3,0,507,0,309,2022-01-03
2021-12-28,29,5,76,2,4,8,8,3,0,508,3,308,2022-01-10
2021-12-29,29,5,76,2,4,8,8,3,0,508,1,309,2022-01-10
2021-12-30,29,5,76,2,4,8,8,3,0,508,0,309,2022-01-10
2021-12-31,29,5,76,2,4,8,8,3,0,508,0,309,2022-01-10
2022-01-01,29,5,76,2,4,8,8,3,0,508,2,311,2022-01-10
2022-01-02,29,5,76,2,4,8,8,3,0,508,0,311,2022-01-10
2022-01-03,29,5,76,2,4,8,8,3,1,508,1,312,2022-01-10
2022-01-04,29,5,76,2,4,8,8,3,0,508,0,287,2022-01-17
2022-01-05,29,5,76,2,4,8,8,3,0,508,1,287,2022-01-17
2022-01-06,29,5,76,2,4,8,8,3,0,508,2,289,2022-01-17
2022-01-07,29,5,76,2,4,8,8,3,0,508,2,291,2022-01-17
2022-01-08,29,5,76,2,4,8,8,3,0,508,0,291,2022-01-17
2022-01-09,29,5,76,2,4,8,8,3,0,508,0,291,2022-01-17
2022-01-10,29,5,76,2,4,8,8,3,0,508,0,291,2022-01-17
2022-01-11,30,4,77,3,4,9,8,3,0,510,1,267,2022-01-24
2022-01-12,30,4,77,3,4,9,8,3,0,510,0,267,2022-01-24
2022-01-13,30,4,77,3,4,9,8,3,0,510,1,268,2022-01-24
2022-01-14,30,4,77,3,4,9,8,3,0,510,17,285,2022-01-24
2022-01-15,30,4,77,3,4,9,8,3,0,510,0,285,2022-01-24
2022-01-16,30,4,77,3,4,9,8,3,0,510,1,286,2022-01-24
2022-01-17,30,4,77,3,4,9,8,3,0,510,1,287,2022-01-24
2022-01-18,30,4,77,3,4,9,8,3,0,510,1,288,2022-01-24
2022-01-19,30,4,77,3,4,9,8,3,2,510,1,289,2022-01-24
2022-01-20,30,4,77,3,4,9,8,3,0,510,2,291,2022-01-24
2022-01-21,30,4,77,3,4,9,8,3,0,510,0,291,2022-01-24
2022-01-22,30,4,77,3,4,9,8,3,0,510,8,299,2022-01-24
2022-01-23,30,4,77,3,4,9,8,3,0,510,0,299,2022-01-24
2022-01-24,30,4,77,3,4,9,8,3,0,510,0,299,2022-01-24
2022-01-25,30,4,77,3,4,9,8,3,0,510,0,231,2022-02-07
2022-01-26,30,4,77,3,4,9,8,3,0,510,1,231,2022-02-07
2022-01-27,30,4,77,3,4,9,8,3,0,510,3,234,2022-02-07
2022-01-28,30,4,77,3,4,9,8,3,0,510,1,235,2022-02-07
2022-01-29,30,4,77,3,4,9,8,3,0,510,0,235,2022-02-07
2022-01-30,30,4,77,3,4,9,8,3,0,510,0,235,2022-02-07
2022-01-31,30,4,77,3,4,9,8,3,0,510,1,236,2022-02-07
2022-02-01,30,4,77,3,4,9,8,3,0,510,1,218,2022-02-14
2022-02-02,30,4,77,3,4,9,8,3,0,510,0,218,2022-02-14
2022-02-03,30,4,77,3,4,9,8,3,0,510,0,218,2022-02-14
2022-02-04,30,4,77,3,4,9,8,3,0,510,1,219,2022-02-14
2022-02-05,30,4,77,3,4,9,8,3,0,510,0,219,2022-02-14
2022-02-06,30,4,77,3,4,9,8,3,0,510,0,219,2022-02-14
2022-02-07,30,4,77,3,4,9,8,3,0,510,1,220,2022-02-14
2022-02-08,30,4,77,3,4,9,8,3,0,510,1,216,2022-02-21
2022-02-09,30,4,77,3,4,9,8,3,0,510,1,217,2022-02-21
2022-02-10,30,4,77,3,4,9,8,3,0,510,0,217,2022-02-21
2022-02-11,30,4,77,3,4,9,8,3,0,510,0,217,2022-02-21
2022-02-12,30,4,77,3,4,9,8,3,0,510,1,218,2022-02-21
2022-02-13,30,4,77,3,4,9,8,3,0,510,0,218,2022-02-21
2022-02-14,30,4,77,3,4,9,8,3,0,510,0,218,2022-02-21
2022-02-15,30,4,77,3,4,10,8,3,0,510,0,216,2022-02-28
2022-02-16,30,4,77,3,4,10,8,3,0,510,2,216,2022-02-28
2022-02-17,30,4,77,3,4,10,8,3,0,510,1,217,2022-02-28
2022-02-18,30,4,77,3,4,10,8,3,0,510,33,250,2022-02-28
2022-02-19,30,4,77,3,4,10,8,3,0,510,51,301,2022-02-28
2022-02-20,30,4,77,3,4,10,8,3,0,510,0,301,2022-02-28
2022-02-21,30,4,77,3,4,10,8,3,0,510,33,334,2022-02-28
2022-02-22,30,4,77,3,4,10,8,3,0,510,17,350,2022-03-07
2022-02-23,30,4,77,3,4,10,8,3,0,510,2,352,2022-03-07
2022-02-24,30,4,77,3,4,10,8,3,0,510,19,371,2022-03-07
2022-02-25,30,4,77,3,4,10,8,3,0,510,0,371,2022-03-07
2022-02-26,30,4,77,3,4,10,8,3,0,510,0,371,2022-03-07
2022-02-27,30,4,77,3,4,10,8,3,0,510,0,371,2022-03-07
2022-02-28,30,4,77,3,4,10,8,3,0,510,0,371,2022-03-07
2022-03-01,30,4,77,3,4,10,8,3,0,510,18,387,2022-03-14
2022-03-02,30,4,77,3,4,10,8,3,0,510,16,403,2022-03-14
2022-03-03,30,4,77,3,4,10,8,3,0,510,16,419,2022-03-14
2022-03-04,30,4,77,3,4,10,8,3,0,510,12,431,2022-03-14
2022-03-05,30,4,77,3,4,10,8,3,0,510,20,451,2022-03-14
2022-03-06,30,4,77,3,4,10,8,3,0,510,0,451,2022-03-14
2022-03-07,30,4,77,3,4,10,8,3,0,510,1,452,2022-03-14
2022-03-08,30,4,77,3,4,10,8,3,0,510,8,456,2022-03-21
2022-03-09,30,4,77,3,4,10,8,3,0,510,19,475,2022-03-21
2022-03-10,30,4,77,3,4,10,8,3,0,510,16,491,2022-03-21
2022-03-11,30,4,77,3,4,10,8,3,0,510,0,491,2022-03-21
2022-03-12,30,4,77,3,4,10,8,3,0,510,0,491,2022-03-21
2022-03-13,30,4,77,3,4,10,8,3,0,510,0,491,2022-03-21
2022-03-14,30,4,77,3,4,10,8,3,0,510,2,493,2022-03-21
2022-03-15,30,4,77,3,4,10,8,3,0,510,17,473,2022-03-28
2022-03-16,30,4,77,3,4,10,8,3,0,510,1,474,2022-03-28
2022-03-17,30,4,77,3,4,10,8,3,0,510,0,474,2022-03-28
2022-03-18,30,4,77,3,4,10,8,3,0,510,0,474,2022-03-28
2022-03-19,30,4,77,3,4,10,8,3,0,510,0,474,2022-03-28
2022-03-20,30,4,77,3,4,10,8,3,0,510,0,474,2022-03-28
2022-03-21,30,4,77,3,4,10,8,3,0,510,1,475,2022-03-28
2022-03-22,30,4,77,3,4,10,8,3,0,510,2,474,2022-04-04
2022-03-23,30,4,77,3,4,10,8,3,0,510,0,474,2022-04-04
2022-03-24,30,4,77,3,4,10,8,3,0,510,0,474,2022-04-04
2022-03-25,30,4,77,3,4,10,8,3,0,510,1,475,2022-04-04
2022-03-26,30,4,77,3,4,10,8,3,0,510,10,485,2022-04-04
2022-03-27,30,4,77,3,4,10,8,3,0,510,0,485,2022-04-04
2022-03-28,30,4,77,3,4,10,8,3,0,510,0,485,2022-04-04
2022-03-29,30,4,78,3,4,10,8,3,0,511,0,473,2022-04-11
2022-03-30,30,4,78,3,4,10,8,3,0,511,0,473,2022-04-11
2022-03-31,30,4,78,3,4,10,8,3,0,511,0,473,2022-04-11
2022-04-01,30,4,78,3,4,10,8,3,0,511,1,473,2022-04-11
2022-04-02,30,4,78,3,4,10,8,3,0,511,0,473,2022-04-11
2022-04-03,30,4,78,3,4,10,8,3,0,511,0,473,2022-04-11
2022-04-04,30,4,78,3,4,10,8,3,1,511,33,506,2022-04-11
2022-04-05,30,4,78,3,5,10,8,3,0,511,19,512,2022-04-18
2022-04-06,30,4,78,3,5,10,8,3,0,511,3,515,2022-04-18
2022-04-07,30,4,78,3,5,10,8,3,0,511,2,517,2022-04-18
2022-04-08,30,4,78,3,5,10,8,3,0,511,7,524,2022-04-18
2022-04-09,30,4,78,3,5,10,8,3,0,511,0,524,2022-04-18
2022-04-10,30,4,78,3,5,10,8,3,0,511,0,524,2022-04-18
2022-04-11,30,4,78,3,5,10,8,3,0,511,2,526,2022-04-18
2022-04-12,30,4,78,3,5,10,8,3,0,511,0,525,2022-04-25
2022-04-13,30,4,78,3,5,10,8,3,0,511,0,525,2022-04-25
2022-04-14,30,4,78,3,5,10,8,3,0,511,3,525,2022-04-25
2022-04-15,30,4,78,3,5,10,8,3,0,511,2,527,2022-04-25
2022-04-16,30,4,78,3,5,10,8,3,0,511,1,528,2022-04-25
2022-04-17,30,4,78,3,5,10,8,3,0,511,0,528,2022-04-25
2022-04-18,30,4,78,3,5,10,8,3,0,511,22,550,2022-04-25
2022-04-19,30,4,78,3,5,10,8,3,0,511,0,530,2022-05-02
2022-04-20,30,4,78,3,5,10,8,3,0,511,0,530,2022-05-02
2022-04-21,30,4,78,3,5,10,8,3,0,511,1,530,2022-05-02
2022-04-22,30,4,78,3,5,10,8,3,0,511,7,537,2022-05-02
2022-04-23,30,4,78,3,5,10,8,3,0,511,0,537,2022-05-02
2022-04-24,30,4,78,3,5,10,8,3,0,511,2,539,2022-05-02
2022-04-25,30,4,78,3,5,10,8,3,0,511,1,540,2022-05-02
2022-04-26,30,4,78,3,6,10,9,3,0,511,2,534,2022-05-09
2022-04-27,30,4,78,3,6,10,9,3,0,511,0,534,2022-05-09
2022-04-28,30,4,78,3,6,10,9,3,0,511,0,534,2022-05-09
2022-04-29,30,4,78,3,6,10,9,3,0,511,0,534,2022-05-09
2022-04-30,30,4,78,3,6,10,9,3,0,511,0,534,2022-05-09
2022-05-01,30,4,78,3,6,10,9,3,0,511,0,534,2022-05-09
2022-05-02,30,4,78,3,6,10,9,3,0,511,0,534,2022-05-09
2022-05-03,30,4,78,3,6,10,9,3,0,511,0,527,2022-05-16
2022-05-04,30,4,78,3,6,10,9,3,0,511,0,527,2022-05-16
2022-05-05,30,4,78,3,6,10,9,3,0,511,2,527,2022-05-16
2022-05-06,30,4,78,3,6,10,9,3,0,511,0,527,2022-05-16
2022-05-07,30,4,78,3,6,10,9,3,0,511,1,528,2022-05-16
2022-05-08,30,4,78,3,6,10,9,3,0,511,1,529,2022-05-16
2022-05-09,30,4,78,3,6,10,9,3,0,511,0,529,2022-05-16
2022-05-10,30,4,78,3,6,10,9,3,0,511,2,506,2022-05-23
2022-05-11,30,4,78,3,6,10,9,3,0,511,2,508,2022-05-23
2022-05-12,30,4,78,3,6,10,9,3,0,511,2,510,2022-05-23
2022-05-13,30,4,78,3,6,10,9,3,0,511,18,528,2022-05-23
2022-05-14,30,4,78,3,6,10,9,3,0,511,0,528,2022-05-23
2022-05-15,30,4,78,3,6,10,9,3,0,511,4,532,2022-05-23
2022-05-16,30,4,78,3,6,10,9,3,0,511,5,537,2022-05-23
2022-05-17,30,4,78,3,6,10,9,3,0,511,9,541,2022-05-30
2022-05-18,30,4,78,3,6,10,9,3,0,511,2,543,2022-05-30
2022-05-19,30,4,78,3,6,10,9,3,0,511,7,550,2022-05-30
2022-05-20,30,4,78,3,6,10,9,3,0,511,1,551,2022-05-30
2022-05-21,30,4,78,3,6,10,9,3,0,511,2,553,2022-05-30
2022-05-22,30,4,78,3,6,10,9,3,0,511,0,553,2022-05-30
2022-05-23,30,4,78,3,6,10,9,3,0,511,0,553,2022-05-30
2022-05-24,30,4,78,3,6,10,9,3,0,511,0,552,2022-06-06
2022-05-25,30,4,78,3,6,10,9,3,0,511,0,552,2022-06-06
2022-05-26,30,4,78,3,6,10,9,3,0,511,2,552,2022-06-06
2022-05-27,30,4,78,3,6,10,9,3,0,511,1,553,2022-06-06
2022-05-28,30,4,78,3,6,10,9,3,0,511,0,553,2022-06-06
2022-05-29,30,4,78,3,6,10,9,3,0,511,1,554,2022-06-06
2022-05-30,30,4,78,3,6,10,9,3,0,511,1,555,2022-06-06
2022-05-31,30,5,78,3,6,10,9,3,0,511,2,555,2022-06-13
2022-06-01,30,5,78,3,6,10,9,3,0,511,2,557,2022-06-13
2022-06-02,30,5,78,3,6,10,9,3,0,511,3,560,2022-06-13
2022-06-03,30,5,78,3,6,10,9,3,0,511,4,564,2022-06-13
2022-06-04,30,5,78,3,6,10,9,3,0,511,0,564,2022-06-13
2022-06-05,30,5,78,3,6,10,9,3,0,511,1,565,2022-06-13
2022-06-06,30,5,78,3,6,10,9,3,0,511,2,567,2022-06-13
2022-06-07,30,5,78,3,6,10,9,3,0,511,0,566,2022-06-20
2022-06-08,30,5,78,3,6,10,9,3,0,511,3,566,2022-06-20
2022-06-09,30,5,78,3,6,10,9,3,0,511,2,568,2022-06-20
2022-06-10,30,5,78,3,6,10,9,3,0,511,0,568,2022-06-20
2022-06-11,30,5,78,3,6,10,9,3,0,511,12,580,2022-06-20
2022-06-12,30,5,78,3,6,10,9,3,0,511,2,582,2022-06-20
2022-06-13,30,5,78,3,6,10,9,3,0,511,1,583,2022-06-20
2022-06-14,30,5,78,3,7,10,9,3,0,511,1,581,2022-06-27
2022-06-15,30,5,78,3,7,10,9,3,0,511,0,581,2022-06-27
2022-06-16,30,5,78,3,7,10,9,3,0,511,0,581,2022-06-27
2022-06-17,30,5,78,3,7,10,9,3,0,511,0,581,2022-06-27
2022-06-18,30,5,78,3,7,10,9,3,0,511,1,582,2022-06-27
2022-06-19,30,5,78,3,7,10,9,3,0,511,2,584,2022-06-27
2022-06-20,30,5,78,3,7,10,9,3,0,511,1,585,2022-06-27
2022-06-21,30,5,78,3,7,10,9,3,0,511,1,579,2022-07-04
2022-06-22,30,5,78,3,7,10,9,3,0,511,0,579,2022-07-04
2022-06-23,30,5,78,3,7,10,9,3,0,511,3,582,2022-07-04
2022-06-24,30,5,78,3,7,10,9,3,0,511,0,582,2022-07-04
2022-06-25,30,5,78,3,7,10,9,3,0,511,0,582,2022-07-04
2022-06-26,30,5,78,3,7,10,9,3,0,511,0,582,2022-07-04
2022-06-27,30,5,78,3,7,10,9,3,0,511,0,582,2022-07-04
2022-06-28,30,5,78,3,7,10,9,3,0,511,0,578,2022-07-11
2022-06-29,30,5,78,3,7,10,9,3,0,511,0,578,2022-07-11
2022-06-30,30,5,78,3,7,10,9,3,0,511,0,578,2022-07-11
2022-07-01,30,5,78,3,7,10,9,3,0,511,1,578,2022-07-11
2022-07-02,30,5,78,3,7,10,9,3,0,511,0,578,2022-07-11
2022-07-03,30,5,78,3,7,10,9,3,0,511,2,580,2022-07-11
2022-07-04,30,5,78,3,7,10,9,3,0,511,0,580,2022-07-11
2022-07-05,30,5,78,3,7,10,9,3,0,511,0,561,2022-07-18
2022-07-06,30,5,78,3,7,10,9,3,0,511,2,561,2022-07-18
2022-07-07,30,5,78,3,7,10,9,3,0,511,1,562,2022-07-18
2022-07-08,30,5,78,3,7,10,9,3,0,511,0,562,2022-07-18
2022-07-09,30,5,78,3,7,10,9,3,0,511,0,562,2022-07-18
2022-07-10,30,5,78,3,7,10,9,3,0,511,3,565,2022-07-18
2022-07-11,30,5,78,3,7,10,9,3,0,511,4,569,2022-07-18
2022-07-12,30,5,78,3,7,10,9,3,0,511,3,560,2022-07-25
2022-07-13,30,5,78,3,7,10,9,3,0,511,1,561,2022-07-25
2022-07-14,30,5,78,3,7,10,9,3,0,511,2,563,2022-07-25
2022-07-15,30,5,78,3,7,10,9,3,0,511,0,563,2022-07-25
2022-07-16,30,5,78,3,7,10,9,3,0,511,2,565,2022-07-25
2022-07-17,30,5,78,3,7,10,9,3,0,511,2,567,2022-07-25
2022-07-18,30,5,78,3,7,10,9,3,0,511,0,567,2022-07-25
2022-07-19,30,5,78,3,8,10,9,3,0,511,2,563,2022-08-01
2022-07-20,30,5,78,3,8,10,9,3,0,511,1,564,2022-08-01
2022-07-21,30,5,78,3,8,10,9,3,0,511,1,565,2022-08-01
2022-07-22,30,5,78,3,8,10,9,3,0,511,2,567,2022-08-01
2022-07-23,30,5,78,3,8,10,9,3,0,511,0,567,2022-08-01
2022-07-24,30,5,78,3,8,10,9,3,0,511,9,576,2022-08-01
2022-07-25,30,5,78,3,8,10,9,3,0,511,0,576,2022-08-01
2022-07-26,30,5,79,3,9,10,9,3,0,511,2,575,2022-08-08
2022-07-27,30,5,79,3,9,10,9,3,0,511,2,577,2022-08-08
2022-07-28,30,5,79,3,9,10,9,3,0,511,1,578,2022-08-08
2022-07-29,30,5,79,3,9,10,9,3,0,511,0,578,2022-08-08
2022-07-30,30,5,79,3,9,10,9,3,0,511,0,578,2022-08-08
2022-07-31,30,5,79,3,9,10,9,3,0,511,1,579,2022-08-08
2022-08-01,30,5,79,3,9,10,9,3,0,511,2,581,2022-08-08
2022-08-02,30,5,79,3,9,10,9,3,0,511,2,580,2022-08-15
2022-08-03,30,5,79,3,9,10,9,3,0,511,6,586,2022-08-15
2022-08-04,30,5,79,3,9,10,9,3,0,511,4,590,2022-08-15
2022-08-05,30,5,79,3,9,10,9,3,0,511,0,590,2022-08-15
2022-08-06,30,5,79,3,9,10,9,3,0,511,1,591,2022-08-15
2022-08-07,30,5,79,3,9,10,9,3,0,511,2,593,2022-08-15
2022-08-08,30,5,79,3,9,10,9,3,0,511,2,595,2022-08-15
2022-08-09,30,5,79,3,10,10,9,3,0,511,4,479,2022-08-22
2022-08-10,30,5,79,3,10,10,9,3,0,511,1,480,2022-08-22
2022-08-11,30,5,79,3,10,10,9,3,0,511,0,480,2022-08-22
2022-08-12,30,5,79,3,10,10,9,3,0,511,0,480,2022-08-22
2022-08-13,30,5,79,3,10,10,9,3,0,511,0,480,2022-08-22
2022-08-14,30,5,79,3,10,10,9,3,0,511,0,480,2022-08-22
2022-08-15,30,5,79,3,10,10,9,3,0,511,0,480,2022-08-22
2022-08-16,30,5,79,3,10,10,9,3,0,511,1,443,2022-08-29
2022-08-17,30,5,79,3,10,10,9,3,0,511,0,443,2022-08-29
2022-08-18,30,5,79,3,10,10,9,3,0,511,0,443,2022-08-29
2022-08-19,30,5,79,3,10,10,9,3,0,511,0,443,2022-08-29
2022-08-20,30,5,79,3,10,10,9,3,0,511,18,461,2022-08-29
2022-08-21,30,5,79,3,10,10,9,3,0,511,0,461,2022-08-29
2022-08-22,30,5,79,3,10,10,9,3,0,511,0,461,2022-08-29
2022-08-23,30,5,79,3,10,10,9,3,0,511,0,382,2022-09-05
2022-08-24,30,5,79,3,10,10,9,3,0,511,4,382,2022-09-05
2022-08-25,30,5,79,3,10,10,9,3,0,511,0,382,2022-09-05
2022-08-26,30,5,79,3,10,10,9,3,0,511,0,382,2022-09-05
2022-08-27,30,5,79,3,10,10,9,3,0,511,0,382,2022-09-05
2022-08-28,30,5,79,3,10,10,9,3,0,511,0,382,2022-09-05
2022-08-29,30,5,79,3,10,10,9,3,0,511,0,382,2022-09-05
2022-08-30,30,5,79,4,10,10,9,3,0,511,2,339,2022-09-12
2022-08-31,30,5,79,4,10,10,9,3,0,511,0,339,2022-09-12
2022-09-01,30,5,79,4,10,10,9,3,0,511,1,340,2022-09-12
2022-09-02,30,5,79,4,10,10,9,3,0,511,1,341,2022-09-12
2022-09-03,30,5,79,4,10,10,9,3,0,511,0,341,2022-09-12
2022-09-04,30,5,79,4,10,10,9,3,0,511,0,341,2022-09-12
2022-09-05,30,5,79,4,10,10,9,3,0,511,0,341,2022-09-12
2022-09-06,30,6,79,4,10,10,9,3,0,511,1,323,2022-09-19
2022-09-07,30,6,79,4,10,10,9,3,0,511,3,326,2022-09-19
2022-09-08,30,6,79,4,10,10,9,3,0,511,5,331,2022-09-19
2022-09-09,30,6,79,4,10,10,9,3,0,511,1,332,2022-09-19
2022-09-10,30,6,79,4,10,10,9,3,0,511,1,333,2022-09-19
2022-09-11,30,6,79,4,10,10,9,3,0,511,2,335,2022-09-19
2022-09-12,30,6,79,4,10,10,9,3,0,511,1,336,2022-09-19
2022-09-13,30,6,79,4,10,10,9,3,0,511,1,324,2022-09-26
2022-09-14,30,6,79,4,10,10,9,3,0,511,0,324,2022-09-26
2022-09-15,30,6,79,4,10,10,9,3,0,511,17,341,2022-09-26
2022-09-16,30,6,79,4,10,10,9,3,0,511,0,341,2022-09-26
2022-09-17,30,6,79,4,10,10,9,3,0,511,12,353,2022-09-26
2022-09-18,30,6,79,4,10,10,9,3,0,511,0,353,2022-09-26
2022-09-19,30,6,79,4,10,10,9,3,0,511,2,355,2022-09-26
2022-09-20,30,6,79,4,10,10,9,3,0,511,0,322,2022-10-03
2022-09-21,30,6,79,4,10,10,9,3,0,511,0,322,2022-10-03
2022-09-22,30,6,79,4,10,10,9,3,0,511,1,322,2022-10-03
2022-09-23,30,6,79,4,10,10,9,3,0,511,0,322,2022-10-03
2022-09-24,30,6,79,4,10,10,9,3,0,511,9,331,2022-10-03
2022-09-25,30,6,79,4,10,10,9,3,0,511,3,334,2022-10-03
2022-09-26,30,6,79,4,10,10,9,3,0,511,14,348,2022-10-03
2022-09-27,30,6,79,4,10,10,9,3,0,511,4,319,2022-10-10
2022-09-28,30,6,79,4,10,10,9,3,0,511,5,324,2022-10-10
2022-09-29,30,6,79,4,10,10,9,3,0,511,18,342,2022-10-10
2022-09-30,30,6,79,4,10,10,9,3,0,511,0,342,2022-10-10
2022-10-01,30,6,79,4,10,10,9,3,0,511,1,343,2022-10-10
2022-10-02,30,6,79,4,10,10,9,3,0,511,0,343,2022-10-10
2022-10-03,30,6,79,4,10,10,9,3,0,511,0,343,2022-10-10
2022-10-04,30,6,79,4,10,10,9,3,0,511,1,316,2022-10-17
2022-10-05,30,6,79,4,10,10,9,3,0,511,0,316,2022-10-17
2022-10-06,30,6,79,4,10,10,9,3,0,511,2,318,2022-10-17
2022-10-07,30,6,79,4,10,10,9,3,0,511,4,322,2022-10-17
2022-10-08,30,6,79,4,10,10,9,3,0,511,0,322,2022-10-17
2022-10-09,30,6,79,4,10,10,9,3,0,511,0,322,2022-10-17
2022-10-10,30,6,79,4,10,10,9,3,0,511,0,322,2022-10-17
2022-10-11,30,6,79,4,10,10,9,3,0,511,0,312,2022-10-24
2022-10-12,30,6,79,4,10,10,9,3,0,511,0,312,2022-10-24
2022-10-13,30,6,79,4,10,10,9,3,0,511,0,312,2022-10-24
2022-10-14,30,6,79,4,10,10,9,3,0,511,1,312,2022-10-24
2022-10-15,30,6,79,4,10,10,9,3,0,511,0,312,2022-10-24
2022-10-16,30,6,79,4,10,10,9,3,0,511,0,312,2022-10-24
2022-10-17,30,6,79,4,10,10,9,3,0,511,1,313,2022-10-24
2022-10-18,30,6,79,4,10,10,9,3,0,511,2,313,2022-10-31
2022-10-19,30,6,79,4,10,10,9,3,0,511,0,313,2022-10-31
2022-10-20,30,6,79,4,10,10,9,3,0,511,0,313,2022-10-31
2022-10-21,30,6,79,4,10,10,9,3,0,511,0,313,2022-10-31
2022-10-22,30,6,79,4,10,10,9,3,0,511,1,314,2022-10-31
2022-10-23,30,6,79,4,10,10,9,3,0,511,0,314,2022-10-31
2022-10-24,30,6,79,4,10,10,9,3,0,511,4,318,2022-10-31
2022-10-25,30,6,79,4,10,11,9,3,0,511,0,317,2022-11-07
2022-10-26,30,6,79,4,10,11,9,3,0,511,3,317,2022-11-07
2022-10-27,30,6,79,4,10,11,9,3,0,511,0,317,2022-11-07
2022-10-28,30,6,79,4,10,11,9,3,0,511,1,318,2022-11-07
2022-10-29,30,6,79,4,10,11,9,3,0,511,0,318,2022-11-07
2022-10-30,30,6,79,4,10,11,9,3,0,511,0,318,2022-11-07
2022-10-31,30,6,79,4,10,11,9,3,0,511,1,319,2022-11-07
2022-11-01,30,6,79,4,10,11,9,3,0,511,1,287,2022-11-14
2022-11-02,30,6,79,4,10,11,9,3,0,511,6,293,2022-11-14
2022-11-03,30,6,79,4,10,11,9,3,0,511,1,294,2022-11-14
2022-11-04,30,6,79,4,10,11,9,3,0,511,1,295,2022-11-14
2022-11-05,30,6,79,4,10,11,9,3,0,511,1,296,2022-11-14
2022-11-06,30,6,79,4,10,11,9,3,0,511,0,296,2022-11-14
2022-11-07,30,6,79,4,10,11,9,3,0,511,1,297,2022-11-14
2022-11-08,30,6,79,4,10,12,9,3,0,511,0,277,2022-11-21
2022-11-09,30,6,79,4,10,12,9,3,0,511,1,277,2022-11-21
2022-11-10,30,6,79,4,10,12,9,3,0,511,0,277,2022-11-21
2022-11-11,30,6,79,4,10,12,9,3,0,511,0,277,2022-11-21
2022-11-12,30,6,79,4,10,12,9,3,0,511,1,278,2022-11-21
2022-11-13,30,6,79,4,10,12,9,3,0,511,0,278,2022-11-21
2022-11-14,30,6,79,4,10,12,9,3,0,511,1,279,2022-11-21
2022-11-15,30,6,79,5,10,12,9,3,0,511,1,275,2022-11-28
2022-11-16,30,6,79,5,10,12,9,3,0,511,0,275,2022-11-28
2022-11-17,30,6,79,5,10,12,9,3,0,511,2,277,2022-11-28
2022-11-18,30,6,79,5,10,12,9,3,0,511,1,278,2022-11-28
2022-11-19,30,6,79,5,10,12,9,3,0,511,0,278,2022-11-28
2022-11-20,30,6,79,5,10,12,9,3,0,511,0,278,2022-11-28
2022-11-21,30,6,79,5,10,12,9,3,0,511,3,281,2022-11-28
2022-11-22,30,6,84,3,10,12,8,3,0,516,0,269,2022-12-05
2022-11-23,30,6,84,3,10,12,8,3,0,516,2,269,2022-12-05
2022-11-24,30,6,84,3,10,12,8,3,0,516,2,271,2022-12-05
2022-11-25,30,6,84,3,10,12,8,3,0,516,0,271,2022-12-05
2022-11-26,30,6,84,3,10,12,8,3,0,516,0,271,2022-12-05
2022-11-27,30,6,84,3,10,12,8,3,0,516,0,271,2022-12-05
2022-11-28,30,6,84,3,10,12,8,3,0,516,0,271,2022-12-05
2022-11-29,30,6,87,1,10,12,8,3,0,554,1,252,2022-12-12
2022-11-30,30,6,87,1,10,12,8,3,0,554,1,253,2022-12-12
2022-12-01,30,6,87,1,10,12,8,3,0,554,2,255,2022-12-12
2022-12-02,30,6,87,1,10,12,8,3,8,554,0,255,2022-12-12
2022-12-03,30,6,87,1,10,12,8,3,0,554,0,255,2022-12-12
2022-12-04,30,6,87,1,10,12,8,3,0,554,0,255,2022-12-12
2022-12-05,30,6,87,1,10,12,8,3,0,554,9,264,2022-12-12
2022-12-06,30,7,87,1,10,12,7,3,0,554,0,285,2022-12-19
2022-12-07,30,7,87,1,10,12,7,3,0,554,0,285,2022-12-19
2022-12-08,30,7,87,1,10,12,7,3,6,554,26,285,2022-12-19
2022-12-09,30,7,87,1,10,12,7,3,0,554,27,312,2022-12-19
2022-12-10,30,7,87,1,10,12,7,3,0,554,2,314,2022-12-19
2022-12-11,30,7,87,1,10,12,7,3,0,554,0,314,2022-12-19
2022-12-12,30,7,87,1,10,12,7,3,0,554,3,317,2022-12-19
2022-12-13,31,6,88,1,10,12,7,3,0,560,3,316,2022-12-26
2022-12-14,31,6,88,1,10,12,7,3,0,560,0,316,2022-12-26
2022-12-15,31,6,88,1,10,12,7,3,0,560,1,317,2022-12-26
2022-12-16,31,6,88,1,10,12,7,3,0,560,10,327,2022-12-26
2022-12-17,31,6,88,1,10,12,7,3,0,560,7,334,2022-12-26
2022-12-18,31,6,88,1,10,12,7,3,0,560,4,338,2022-12-26
2022-12-19,31,6,88,1,10,12,7,3,0,560,0,338,2022-12-26
2022-12-20,31,6,88,1,10,12,7,3,0,560,3,338,2023-01-02
2022-12-21,31,6,88,1,10,12,7,3,2,560,8,346,2023-01-02
2022-12-22,31,6,88,1,10,12,7,3,1,560,2,348,2023-01-02
2022-12-23,31,6,88,1,10,12,7,3,0,560,7,355,2023-01-02
2022-12-24,31,6,88,1,10,12,7,3,0,560,1,356,2023-01-02
2022-12-25,31,6,88,1,10,12,7,3,0,560,1,357,2023-01-02
2022-12-26,31,6,88,1,10,12,7,3,0,560,0,357,2023-01-02
2022-12-27,31,6,88,1,10,12,7,3,0,560,0,350,2023-01-09
2022-12-28,31,6,88,1,10,12,7,3,0,560,0,350,2023-01-09
2022-12-29,31,6,88,1,10,12,7,3,0,560,3,350,2023-01-09
2022-12-30,31,6,88,1,10,12,7,3,0,560,1,351,2023-01-09
2022-12-31,31,6,88,1,10,12,7,3,0,560,0,351,2023-01-09
2023-01-01,31,6,88,1,10,12,7,3,0,560,1,352,2023-01-09
2023-01-02,31,6,88,1,10,12,7,3,0,560,1,353,2023-01-09
2023-01-03,31,6,88,1,10,12,7,3,0,560,0,344,2023-01-16
2023-01-04,31,6,88,1,10,12,7,3,0,560,1,344,2023-01-16
2023-01-05,31,6,88,1,10,12,7,3,0,560,0,344,2023-01-16
2023-01-06,31,6,88,1,10,12,7,3,0,560,2,346,2023-01-16
2023-01-07,31,6,88,1,10,12,7,3,0,560,0,346,2023-01-16
2023-01-08,31,6,88,1,10,12,7,3,0,560,0,346,2023-01-16
2023-01-09,31,6,88,1,10,12,7,3,0,560,2,348,2023-01-16
2023-01-10,31,6,88,1,10,12,7,3,0,560,2,335,2023-01-23
2023-01-11,31,6,88,1,10,12,7,3,0,560,0,335,2023-01-23
2023-01-12,31,6,88,1,10,12,7,3,0,560,1,336,2023-01-23
2023-01-13,31,6,88,1,10,12,7,3,0,560,5,341,2023-01-23
2023-01-14,31,6,88,1,10,12,7,3,0,560,1,342,2023-01-23
2023-01-15,31,6,88,1,10,12,7,3,0,560,0,342,2023-01-23
2023-01-16,31,6,88,1,10,12,7,3,0,560,1,343,2023-01-23
2023-01-17,31,6,88,1,10,12,7,3,0,560,0,352,2023-01-30
2023-01-18,31,6,88,1,10,12,7,3,0,560,17,352,2023-01-30
2023-01-19,31,6,88,1,10,12,7,3,0,560,10,362,2023-01-30
2023-01-20,31,6,88,1,10,12,7,3,0,560,1,363,2023-01-30
2023-01-21,31,6,88,1,10,12,7,3,0,560,1,364,2023-01-30
2023-01-22,31,6,88,1,10,12,7,3,0,560,0,364,2023-01-30
2023-01-23,31,6,88,1,10,12,7,3,0,560,0,364,2023-01-30
2023-01-24,31,6,88,1,10,12,7,3,0,560,0,348,2023-02-06
2023-01-25,31,6,88,1,10,12,7,3,0,560,1,348,2023-02-06
2023-01-26,31,6,88,1,10,12,7,3,0,560,0,348,2023-02-06
2023-01-27,31,6,88,1,10,12,7,3,0,560,0,348,2023-02-06
2023-01-28,31,6,88,1,10,12,7,3,0,560,0,348,2023-02-06
2023-01-29,31,6,88,1,10,12,7,3,0,560,1,349,2023-02-06
2023-01-30,31,6,88,1,10,12,7,3,0,560,2,351,2023-02-06
2023-01-31,31,6,88,1,10,12,7,3,0,560,0,348,2023-02-13
2023-02-01,31,6,88,1,10,12,7,3,0,560,2,348,2023-02-13
2023-02-02,31,6,88,1,10,12,7,3,0,560,0,348,2023-02-13
2023-02-03,31,6,88,1,10,12,7,3,0,560,0,348,2023-02-13
2023-02-04,31,6,88,1,10,12,7,3,0,560,0,348,2023-02-13
2023-02-05,31,6,88,1,10,12,7,3,0,560,0,348,2023-02-13
2023-02-06,31,6,88,1,10,12,7,3,0,560,0,348,2023-02-13
2023-02-07,31,6,88,1,10,12,7,3,0,560,0,348,2023-02-13
2023-02-08,31,6,88,1,10,12,7,3,0,560,1,349,2023-02-13
2023-02-09,31,6,88,1,10,12,7,3,0,560,0,349,2023-02-13
2023-02-10,31,6,88,1,10,12,7,3,0,560,0,349,2023-02-13
2023-02-11,31,6,88,1,10,12,7,3,0,560,0,349,2023-02-13
2023-02-12,31,6,88,1,10,12,7,3,0,560,3,352,2023-02-13
2023-02-13,31,6,88,1,10,12,7,3,0,560,0,352,2023-02-13
