,issues_closed,issues_open,pulls_closed,pulls_open,forks,stargazers,subscribers,contributors,commits,total_commits,updated_on
2021-10-06,328,116,264,4,78,180,33,21,1,13175,2021-10-19
2021-10-07,328,116,264,4,78,180,33,21,0,13175,2021-10-19
2021-10-08,328,116,264,4,78,180,33,21,0,13175,2021-10-19
2021-10-09,328,116,264,4,78,180,33,21,0,13175,2021-10-19
2021-10-10,328,116,264,4,78,180,33,21,0,13175,2021-10-19
2021-10-11,328,116,264,4,78,180,33,21,1,13175,2021-10-19
2021-10-12,328,116,264,4,78,180,33,21,6,13175,2021-10-19
2021-10-13,328,116,264,4,78,180,33,21,0,13175,2021-10-19
2021-10-14,328,119,266,3,78,180,33,22,4,13180,2021-10-27
2021-10-15,328,119,266,3,78,180,33,22,4,13180,2021-10-27
2021-10-16,328,120,268,4,78,180,33,22,0,13180,2021-10-29
2021-10-17,328,120,268,4,78,180,33,22,0,13180,2021-10-29
2021-10-18,328,120,268,4,78,180,33,22,4,13180,2021-10-29
2021-10-19,328,121,268,5,79,180,33,22,0,13181,2021-11-01
2021-10-20,328,121,268,5,79,180,33,22,0,13181,2021-11-01
2021-10-21,328,121,268,5,79,180,33,22,0,13181,2021-11-01
2021-10-22,328,121,268,5,79,180,33,22,0,13181,2021-11-01
2021-10-23,328,121,268,5,79,180,33,22,0,13181,2021-11-01
2021-10-24,328,121,268,5,79,180,33,22,0,13181,2021-11-01
2021-10-25,328,121,268,5,79,180,33,22,0,13181,2021-11-01
2021-10-26,330,120,272,9,80,180,33,22,7,13255,2021-11-08
2021-10-27,330,120,272,9,80,180,33,22,3,13255,2021-11-08
2021-10-28,330,120,272,9,80,180,33,22,3,13255,2021-11-08
2021-10-29,330,120,272,9,80,180,33,22,1,13255,2021-11-08
2021-10-30,330,120,272,9,80,180,33,22,1,13255,2021-11-08
2021-10-31,330,120,272,9,80,180,33,22,0,13255,2021-11-08
2021-11-01,330,120,272,9,80,180,33,22,2,13255,2021-11-08
2021-11-02,351,113,292,10,82,184,33,22,3,13386,2021-11-15
2021-11-03,351,113,292,10,82,184,33,22,12,13386,2021-11-15
2021-11-04,351,113,292,10,82,184,33,22,9,13386,2021-11-15
2021-11-05,351,113,292,10,82,184,33,22,12,13386,2021-11-15
2021-11-06,364,107,310,5,82,185,33,22,0,13565,2021-11-19
2021-11-07,364,107,310,5,82,185,33,22,2,13565,2021-11-19
2021-11-08,364,107,310,5,82,185,33,22,12,13565,2021-11-19
2021-11-09,366,105,316,1,82,186,33,22,29,13611,2021-11-22
2021-11-10,366,105,316,1,82,186,33,22,17,13611,2021-11-22
2021-11-11,366,105,316,1,82,186,33,22,25,13611,2021-11-22
2021-11-12,366,105,316,1,82,186,33,22,26,13611,2021-11-22
2021-11-13,366,105,316,1,82,186,33,22,5,13611,2021-11-22
2021-11-14,366,105,316,1,82,186,33,22,8,13611,2021-11-22
2021-11-15,366,105,316,1,82,186,33,22,21,13611,2021-11-22
2021-11-16,372,112,319,5,82,187,33,22,46,13652,2021-11-29
2021-11-17,372,112,319,5,82,187,33,22,14,13652,2021-11-29
2021-11-18,372,112,319,5,82,187,33,22,29,13652,2021-11-29
2021-11-19,372,112,319,5,82,187,33,22,27,13652,2021-11-29
2021-11-20,372,112,319,5,82,187,33,22,8,13652,2021-11-29
2021-11-21,372,112,319,5,82,187,33,22,1,13652,2021-11-29
2021-11-22,372,112,319,5,82,187,33,22,7,13652,2021-11-29
2021-11-23,383,114,340,2,82,190,34,22,32,13800,2021-12-06
2021-11-24,383,114,340,2,82,190,34,22,11,13800,2021-12-06
2021-11-25,383,114,340,2,82,190,34,22,1,13800,2021-12-06
2021-11-26,383,114,340,2,82,190,34,22,0,13800,2021-12-06
2021-11-27,383,114,340,2,82,190,34,22,3,13800,2021-12-06
2021-11-28,383,114,340,2,82,190,34,22,3,13800,2021-12-06
2021-11-29,383,114,340,2,82,190,34,22,23,13800,2021-12-06
2021-11-30,384,120,347,2,83,194,34,22,32,13825,2021-12-13
2021-12-01,384,120,347,2,83,194,34,22,64,13825,2021-12-13
2021-12-02,384,120,347,2,83,194,34,22,2,13825,2021-12-13
2021-12-03,384,120,347,2,83,194,34,22,4,13825,2021-12-13
2021-12-04,384,120,347,2,83,194,34,22,0,13825,2021-12-13
2021-12-05,384,120,347,2,83,194,34,22,0,13825,2021-12-13
2021-12-06,384,120,347,2,83,194,34,22,3,13825,2021-12-13
2021-12-07,383,124,351,3,83,195,34,22,1,13835,2021-12-20
2021-12-08,383,124,351,3,83,195,34,22,12,13835,2021-12-20
2021-12-09,383,124,351,3,83,195,34,22,5,13835,2021-12-20
2021-12-10,383,124,351,3,83,195,34,22,6,13835,2021-12-20
2021-12-11,383,124,351,3,83,195,34,22,0,13835,2021-12-20
2021-12-12,383,124,351,3,83,195,34,22,0,13835,2021-12-20
2021-12-13,383,124,351,3,83,195,34,22,3,13835,2021-12-20
2021-12-14,383,124,351,3,83,195,34,22,0,13835,2021-12-20
2021-12-15,384,123,351,3,83,196,34,22,3,13835,2021-12-28
2021-12-16,384,123,351,3,83,196,34,22,2,13835,2021-12-28
2021-12-17,384,123,351,3,83,196,34,22,0,13835,2021-12-28
2021-12-18,384,123,351,3,83,196,34,22,0,13835,2021-12-28
2021-12-19,384,123,351,3,83,196,34,22,0,13835,2021-12-28
2021-12-20,384,123,351,3,83,196,34,22,0,13835,2021-12-28
2021-12-21,384,124,351,4,83,196,34,22,0,13835,2022-01-03
2021-12-22,384,124,351,4,83,196,34,22,0,13835,2022-01-03
2021-12-23,384,124,351,4,83,196,34,22,0,13835,2022-01-03
2021-12-24,384,124,351,4,83,196,34,22,0,13835,2022-01-03
2021-12-25,384,124,351,4,83,196,34,22,0,13835,2022-01-03
2021-12-26,384,124,351,4,83,196,34,22,0,13835,2022-01-03
2021-12-27,384,124,351,4,83,196,34,22,0,13835,2022-01-03
2021-12-28,385,129,356,4,83,196,34,22,0,13841,2022-01-10
2021-12-29,385,129,356,4,83,196,34,22,0,13841,2022-01-10
2021-12-30,385,129,356,4,83,196,34,22,0,13841,2022-01-10
2021-12-31,385,129,356,4,83,196,34,22,0,13841,2022-01-10
2022-01-01,385,129,356,4,83,196,34,22,0,13841,2022-01-10
2022-01-02,385,129,356,4,83,196,34,22,0,13841,2022-01-10
2022-01-03,385,129,356,4,83,196,34,22,0,13841,2022-01-10
2022-01-04,387,133,359,4,83,197,34,22,3,13869,2022-01-17
2022-01-05,387,133,359,4,83,197,34,22,5,13869,2022-01-17
2022-01-06,387,133,359,4,83,197,34,22,0,13869,2022-01-17
2022-01-07,387,133,359,4,83,197,34,22,1,13869,2022-01-17
2022-01-08,387,133,359,4,83,197,34,22,2,13869,2022-01-17
2022-01-09,387,133,359,4,83,197,34,22,0,13869,2022-01-17
2022-01-10,387,133,359,4,83,197,34,22,3,13869,2022-01-17
2022-01-11,394,132,363,5,83,197,34,22,0,13881,2022-01-24
2022-01-12,394,132,363,5,83,197,34,22,1,13881,2022-01-24
2022-01-13,394,132,363,5,83,197,34,22,0,13881,2022-01-24
2022-01-14,394,132,363,5,83,197,34,22,0,13881,2022-01-24
2022-01-15,394,132,363,5,83,197,34,22,0,13881,2022-01-24
2022-01-16,394,132,363,5,83,197,34,22,0,13881,2022-01-24
2022-01-17,394,132,363,5,83,197,34,22,0,13881,2022-01-24
2022-01-18,394,132,363,5,83,197,34,22,0,13881,2022-01-24
2022-01-19,394,132,363,5,83,197,34,22,1,13881,2022-01-24
2022-01-20,394,132,363,5,83,197,34,22,5,13881,2022-01-24
2022-01-21,394,132,363,5,83,197,34,22,0,13881,2022-01-24
2022-01-22,394,132,363,5,83,197,34,22,0,13881,2022-01-24
2022-01-23,394,132,363,5,83,197,34,22,0,13881,2022-01-24
2022-01-24,394,132,363,5,83,197,34,22,0,13881,2022-01-24
2022-01-25,402,130,375,8,84,199,34,22,0,13894,2022-02-07
2022-01-26,402,130,375,8,84,199,34,22,0,13894,2022-02-07
2022-01-27,402,130,375,8,84,199,34,22,1,13894,2022-02-07
2022-01-28,402,130,375,8,84,199,34,22,3,13894,2022-02-07
2022-01-29,402,130,375,8,84,199,34,22,0,13894,2022-02-07
2022-01-30,402,130,375,8,84,199,34,22,0,13894,2022-02-07
2022-01-31,402,130,375,8,84,199,34,22,1,13894,2022-02-07
2022-02-01,417,117,396,2,84,200,34,22,4,13965,2022-02-14
2022-02-02,417,117,396,2,84,200,34,22,2,13965,2022-02-14
2022-02-03,417,117,396,2,84,200,34,22,3,13965,2022-02-14
2022-02-04,417,117,396,2,84,200,34,22,1,13965,2022-02-14
2022-02-05,417,117,396,2,84,200,34,22,0,13965,2022-02-14
2022-02-06,417,117,396,2,84,200,34,22,0,13965,2022-02-14
2022-02-07,417,117,396,2,84,200,34,22,3,13965,2022-02-14
2022-02-08,420,115,408,2,86,202,34,22,10,14005,2022-02-21
2022-02-09,420,115,408,2,86,202,34,22,5,14005,2022-02-21
2022-02-10,420,115,408,2,86,202,34,22,10,14005,2022-02-21
2022-02-11,420,115,408,2,86,202,34,22,17,14005,2022-02-21
2022-02-12,420,115,408,2,86,202,34,22,7,14005,2022-02-21
2022-02-13,420,115,408,2,86,202,34,22,0,14005,2022-02-21
2022-02-14,420,115,408,2,86,202,34,22,0,14005,2022-02-21
2022-02-15,427,111,413,5,87,203,34,22,0,14007,2022-02-28
2022-02-16,427,111,413,5,87,203,34,22,2,14007,2022-02-28
2022-02-17,427,111,413,5,87,203,34,22,6,14007,2022-02-28
2022-02-18,427,111,413,5,87,203,34,22,8,14007,2022-02-28
2022-02-19,427,111,413,5,87,203,34,22,2,14007,2022-02-28
2022-02-20,427,111,413,5,87,203,34,22,4,14007,2022-02-28
2022-02-21,427,111,413,5,87,203,34,22,0,14007,2022-02-28
2022-02-22,432,114,421,2,87,204,34,22,6,14068,2022-03-07
2022-02-23,432,114,421,2,87,204,34,22,10,14068,2022-03-07
2022-02-24,432,114,421,2,87,204,34,22,4,14068,2022-03-07
2022-02-25,432,114,421,2,87,204,34,22,9,14068,2022-03-07
2022-02-26,432,114,421,2,87,204,34,22,0,14068,2022-03-07
2022-02-27,432,114,421,2,87,204,34,22,0,14068,2022-03-07
2022-02-28,432,114,421,2,87,204,34,22,2,14068,2022-03-07
2022-03-01,433,118,426,2,87,204,34,22,0,14080,2022-03-14
2022-03-02,433,118,426,2,87,204,34,22,2,14080,2022-03-14
2022-03-03,433,118,426,2,87,204,34,22,1,14080,2022-03-14
2022-03-04,433,118,426,2,87,204,34,22,1,14080,2022-03-14
2022-03-05,433,118,426,2,87,204,34,22,0,14080,2022-03-14
2022-03-06,433,118,426,2,87,204,34,22,1,14080,2022-03-14
2022-03-07,433,118,426,2,87,204,34,22,1,14080,2022-03-14
2022-03-08,435,119,430,1,88,206,34,23,3,14111,2022-03-21
2022-03-09,435,119,430,1,88,206,34,23,9,14111,2022-03-21
2022-03-10,435,119,430,1,88,206,34,23,0,14111,2022-03-21
2022-03-11,435,119,430,1,88,206,34,23,2,14111,2022-03-21
2022-03-12,435,119,430,1,88,206,34,23,2,14111,2022-03-21
2022-03-13,435,119,430,1,88,206,34,23,1,14111,2022-03-21
2022-03-14,435,119,430,1,88,206,34,23,2,14111,2022-03-21
2022-03-15,435,121,430,1,90,206,34,23,0,14111,2022-03-28
2022-03-16,435,121,430,1,90,206,34,23,2,14111,2022-03-28
2022-03-17,435,121,430,1,90,206,34,23,0,14111,2022-03-28
2022-03-18,435,121,430,1,90,206,34,23,0,14111,2022-03-28
2022-03-19,435,121,430,1,90,206,34,23,2,14111,2022-03-28
2022-03-20,435,121,430,1,90,206,34,23,0,14111,2022-03-28
2022-03-21,435,121,430,1,90,206,34,23,0,14111,2022-03-28
2022-03-22,439,122,432,3,92,206,33,22,0,14119,2022-04-04
2022-03-23,439,122,432,3,92,206,33,22,0,14119,2022-04-04
2022-03-24,439,122,432,3,92,206,33,22,0,14119,2022-04-04
2022-03-25,439,122,432,3,92,206,33,22,0,14119,2022-04-04
2022-03-26,439,122,432,3,92,206,33,22,0,14119,2022-04-04
2022-03-27,439,122,432,3,92,206,33,22,0,14119,2022-04-04
2022-03-28,439,122,432,3,92,206,33,22,1,14119,2022-04-04
2022-03-29,440,121,433,4,91,208,33,22,5,14133,2022-04-11
2022-03-30,440,121,433,4,91,208,33,22,6,14133,2022-04-11
2022-03-31,440,121,433,4,91,208,33,22,3,14133,2022-04-11
2022-04-01,440,121,433,4,91,208,33,22,1,14133,2022-04-11
2022-04-02,440,121,433,4,91,208,33,22,0,14133,2022-04-11
2022-04-03,440,121,433,4,91,208,33,22,0,14133,2022-04-11
2022-04-04,440,121,433,4,91,208,33,22,1,14133,2022-04-11
2022-04-05,441,122,436,2,91,208,33,22,1,14137,2022-04-18
2022-04-06,441,122,436,2,91,208,33,22,0,14137,2022-04-18
2022-04-07,441,122,436,2,91,208,33,22,0,14137,2022-04-18
2022-04-08,441,122,436,2,91,208,33,22,1,14137,2022-04-18
2022-04-09,441,122,436,2,91,208,33,22,0,14137,2022-04-18
2022-04-10,441,122,436,2,91,208,33,22,0,14137,2022-04-18
2022-04-11,441,122,436,2,91,208,33,22,1,14137,2022-04-18
2022-04-12,443,122,438,5,93,209,33,22,1,14139,2022-04-25
2022-04-13,443,122,438,5,93,209,33,22,0,14139,2022-04-25
2022-04-14,443,122,438,5,93,209,33,22,0,14139,2022-04-25
2022-04-15,443,122,438,5,93,209,33,22,1,14139,2022-04-25
2022-04-16,443,122,438,5,93,209,33,22,0,14139,2022-04-25
2022-04-17,443,122,438,5,93,209,33,22,0,14139,2022-04-25
2022-04-18,443,122,438,5,93,209,33,22,1,14139,2022-04-25
2022-04-19,448,122,447,3,93,210,33,23,1,14151,2022-05-02
2022-04-20,448,122,447,3,93,210,33,23,0,14151,2022-05-02
2022-04-21,448,122,447,3,93,210,33,23,0,14151,2022-05-02
2022-04-22,448,122,447,3,93,210,33,23,0,14151,2022-05-02
2022-04-23,448,122,447,3,93,210,33,23,0,14151,2022-05-02
2022-04-24,448,122,447,3,93,210,33,23,1,14151,2022-05-02
2022-04-25,448,122,447,3,93,210,33,23,1,14151,2022-05-02
2022-04-26,451,122,453,5,93,210,33,24,4,14169,2022-05-09
2022-04-27,451,122,453,5,93,210,33,24,3,14169,2022-05-09
2022-04-28,451,122,453,5,93,210,33,24,1,14169,2022-05-09
2022-04-29,451,122,453,5,93,210,33,24,4,14169,2022-05-09
2022-04-30,451,122,453,5,93,210,33,24,0,14169,2022-05-09
2022-05-01,451,122,453,5,93,210,33,24,0,14169,2022-05-09
2022-05-02,451,122,453,5,93,210,33,24,2,14169,2022-05-09
2022-05-03,453,123,457,4,93,212,33,24,5,14178,2022-05-16
2022-05-04,453,123,457,4,93,212,33,24,0,14178,2022-05-16
2022-05-05,453,123,457,4,93,212,33,24,0,14178,2022-05-16
2022-05-06,453,123,457,4,93,212,33,24,7,14178,2022-05-16
2022-05-07,453,123,457,4,93,212,33,24,2,14178,2022-05-16
2022-05-08,453,123,457,4,93,212,33,24,2,14178,2022-05-16
2022-05-09,453,123,457,4,93,212,33,24,0,14178,2022-05-16
2022-05-10,457,122,462,7,93,215,33,24,1,14185,2022-05-23
2022-05-11,457,122,462,7,93,215,33,24,3,14185,2022-05-23
2022-05-12,457,122,462,7,93,215,33,24,2,14185,2022-05-23
2022-05-13,457,122,462,7,93,215,33,24,0,14185,2022-05-23
2022-05-14,457,122,462,7,93,215,33,24,0,14185,2022-05-23
2022-05-15,457,122,462,7,93,215,33,24,0,14185,2022-05-23
2022-05-16,457,122,462,7,93,215,33,24,0,14185,2022-05-23
2022-05-17,465,114,470,3,95,215,33,24,2,14225,2022-05-30
2022-05-18,465,114,470,3,95,215,33,24,1,14225,2022-05-30
2022-05-19,465,114,470,3,95,215,33,24,5,14225,2022-05-30
2022-05-20,465,114,470,3,95,215,33,24,9,14225,2022-05-30
2022-05-21,465,114,470,3,95,215,33,24,2,14225,2022-05-30
2022-05-22,465,114,470,3,95,215,33,24,1,14225,2022-05-30
2022-05-23,465,114,470,3,95,215,33,24,7,14225,2022-05-30
2022-05-24,475,106,480,3,95,216,32,24,4,14245,2022-06-06
2022-05-25,475,106,480,3,95,216,32,24,0,14245,2022-06-06
2022-05-26,475,106,480,3,95,216,32,24,0,14245,2022-06-06
2022-05-27,475,106,480,3,95,216,32,24,2,14245,2022-06-06
2022-05-28,475,106,480,3,95,216,32,24,1,14245,2022-06-06
2022-05-29,475,106,480,3,95,216,32,24,1,14245,2022-06-06
2022-05-30,475,106,480,3,95,216,32,24,1,14245,2022-06-06
2022-05-31,475,109,485,1,96,216,32,24,9,14270,2022-06-13
2022-06-01,475,109,485,1,96,216,32,24,2,14270,2022-06-13
2022-06-02,475,109,485,1,96,216,32,24,1,14270,2022-06-13
2022-06-03,475,109,485,1,96,216,32,24,1,14270,2022-06-13
2022-06-04,475,109,485,1,96,216,32,24,4,14270,2022-06-13
2022-06-05,475,109,485,1,96,216,32,24,1,14270,2022-06-13
2022-06-06,475,109,485,1,96,216,32,24,1,14270,2022-06-13
2022-06-07,475,109,486,2,97,217,32,24,4,14288,2022-06-20
2022-06-08,475,109,486,2,97,217,32,24,0,14288,2022-06-20
2022-06-09,475,109,486,2,97,217,32,24,2,14288,2022-06-20
2022-06-10,475,109,486,2,97,217,32,24,1,14288,2022-06-20
2022-06-11,475,109,486,2,97,217,32,24,0,14288,2022-06-20
2022-06-12,475,109,486,2,97,217,32,24,0,14288,2022-06-20
2022-06-13,475,109,486,2,97,217,32,24,0,14288,2022-06-20
2022-06-14,476,114,486,3,98,218,32,24,0,14288,2022-06-27
2022-06-15,476,114,486,3,98,218,32,24,2,14288,2022-06-27
2022-06-16,476,114,486,3,98,218,32,24,0,14288,2022-06-27
2022-06-17,476,114,486,3,98,218,32,24,0,14288,2022-06-27
2022-06-18,476,114,486,3,98,218,32,24,0,14288,2022-06-27
2022-06-19,476,114,486,3,98,218,32,24,0,14288,2022-06-27
2022-06-20,476,114,486,3,98,218,32,24,0,14288,2022-06-27
2022-06-21,477,114,487,2,99,219,31,24,1,14352,2022-07-04
2022-06-22,477,114,487,2,99,219,31,24,0,14352,2022-07-04
2022-06-23,477,114,487,2,99,219,31,24,3,14352,2022-07-04
2022-06-24,477,114,487,2,99,219,31,24,2,14352,2022-07-04
2022-06-25,477,114,487,2,99,219,31,24,1,14352,2022-07-04
2022-06-26,477,114,487,2,99,219,31,24,1,14352,2022-07-04
2022-06-27,477,114,487,2,99,219,31,24,4,14352,2022-07-04
2022-06-28,477,117,489,3,100,219,31,24,0,14354,2022-07-11
2022-06-29,477,117,489,3,100,219,31,24,0,14354,2022-07-11
2022-06-30,477,117,489,3,100,219,31,24,0,14354,2022-07-11
2022-07-01,477,117,489,3,100,219,31,24,0,14354,2022-07-11
2022-07-02,477,117,489,3,100,219,31,24,0,14354,2022-07-11
2022-07-03,477,117,489,3,100,219,31,24,0,14354,2022-07-11
2022-07-04,477,117,489,3,100,219,31,24,0,14354,2022-07-11
2022-07-05,479,119,492,3,100,220,31,25,0,14361,2022-07-18
2022-07-06,479,119,492,3,100,220,31,25,2,14361,2022-07-18
2022-07-07,479,119,492,3,100,220,31,25,0,14361,2022-07-18
2022-07-08,479,119,492,3,100,220,31,25,0,14361,2022-07-18
2022-07-09,479,119,492,3,100,220,31,25,0,14361,2022-07-18
2022-07-10,479,119,492,3,100,220,31,25,0,14361,2022-07-18
2022-07-11,479,119,492,3,100,220,31,25,0,14361,2022-07-18
2022-07-12,480,120,494,2,100,220,31,25,0,14372,2022-07-25
2022-07-13,480,120,494,2,100,220,31,25,1,14372,2022-07-25
2022-07-14,480,120,494,2,100,220,31,25,2,14372,2022-07-25
2022-07-15,480,120,494,2,100,220,31,25,4,14372,2022-07-25
2022-07-16,480,120,494,2,100,220,31,25,0,14372,2022-07-25
2022-07-17,480,120,494,2,100,220,31,25,0,14372,2022-07-25
2022-07-18,480,120,494,2,100,220,31,25,4,14372,2022-07-25
2022-07-19,484,124,498,4,101,222,32,25,4,14399,2022-08-01
2022-07-20,484,124,498,4,101,222,32,25,0,14399,2022-08-01
2022-07-21,484,124,498,4,101,222,32,25,2,14399,2022-08-01
2022-07-22,484,124,498,4,101,222,32,25,1,14399,2022-08-01
2022-07-23,484,124,498,4,101,222,32,25,2,14399,2022-08-01
2022-07-24,484,124,498,4,101,222,32,25,0,14399,2022-08-01
2022-07-25,484,124,498,4,101,222,32,25,7,14399,2022-08-01
2022-07-26,488,124,505,2,102,223,32,26,3,14405,2022-08-08
2022-07-27,488,124,505,2,102,223,32,26,1,14405,2022-08-08
2022-07-28,488,124,505,2,102,223,32,26,8,14405,2022-08-08
2022-07-29,488,124,505,2,102,223,32,26,0,14405,2022-08-08
2022-07-30,488,124,505,2,102,223,32,26,0,14405,2022-08-08
2022-07-31,488,124,505,2,102,223,32,26,0,14405,2022-08-08
2022-08-01,488,124,505,2,102,223,32,26,0,14405,2022-08-08
2022-08-02,490,126,508,1,102,223,32,26,5,14429,2022-08-15
2022-08-03,490,126,508,1,102,223,32,26,1,14429,2022-08-15
2022-08-04,490,126,508,1,102,223,32,26,4,14429,2022-08-15
2022-08-05,490,126,508,1,102,223,32,26,0,14429,2022-08-15
2022-08-06,490,126,508,1,102,223,32,26,1,14429,2022-08-15
2022-08-07,490,126,508,1,102,223,32,26,1,14429,2022-08-15
2022-08-08,490,126,508,1,102,223,32,26,2,14429,2022-08-15
2022-08-09,490,129,509,3,103,225,32,26,0,14430,2022-08-22
2022-08-10,490,129,509,3,103,225,32,26,1,14430,2022-08-22
2022-08-11,490,129,509,3,103,225,32,26,0,14430,2022-08-22
2022-08-12,490,129,509,3,103,225,32,26,3,14430,2022-08-22
2022-08-13,490,129,509,3,103,225,32,26,2,14430,2022-08-22
2022-08-14,490,129,509,3,103,225,32,26,0,14430,2022-08-22
2022-08-15,490,129,509,3,103,225,32,26,0,14430,2022-08-22
2022-08-16,492,130,511,3,104,225,32,26,1,14436,2022-08-29
2022-08-17,492,130,511,3,104,225,32,26,0,14436,2022-08-29
2022-08-18,492,130,511,3,104,225,32,26,0,14436,2022-08-29
2022-08-19,492,130,511,3,104,225,32,26,2,14436,2022-08-29
2022-08-20,492,130,511,3,104,225,32,26,1,14436,2022-08-29
2022-08-21,492,130,511,3,104,225,32,26,0,14436,2022-08-29
2022-08-22,492,130,511,3,104,225,32,26,1,14436,2022-08-29
2022-08-23,492,133,513,3,105,225,31,26,1,14445,2022-09-05
2022-08-24,492,133,513,3,105,225,31,26,0,14445,2022-09-05
2022-08-25,492,133,513,3,105,225,31,26,0,14445,2022-09-05
2022-08-26,492,133,513,3,105,225,31,26,1,14445,2022-09-05
2022-08-27,492,133,513,3,105,225,31,26,1,14445,2022-09-05
2022-08-28,492,133,513,3,105,225,31,26,3,14445,2022-09-05
2022-08-29,492,133,513,3,105,225,31,26,0,14445,2022-09-05
2022-08-30,493,134,514,3,105,226,31,26,0,14446,2022-09-12
2022-08-31,493,134,514,3,105,226,31,26,0,14446,2022-09-12
2022-09-01,493,134,514,3,105,226,31,26,0,14446,2022-09-12
2022-09-02,493,134,514,3,105,226,31,26,1,14446,2022-09-12
2022-09-03,493,134,514,3,105,226,31,26,1,14446,2022-09-12
2022-09-04,493,134,514,3,105,226,31,26,0,14446,2022-09-12
2022-09-05,493,134,514,3,105,226,31,26,0,14446,2022-09-12
2022-09-06,493,137,516,3,105,227,31,26,0,14448,2022-09-19
2022-09-07,493,137,516,3,105,227,31,26,1,14448,2022-09-19
2022-09-08,493,137,516,3,105,227,31,26,0,14448,2022-09-19
2022-09-09,493,137,516,3,105,227,31,26,0,14448,2022-09-19
2022-09-10,493,137,516,3,105,227,31,26,0,14448,2022-09-19
2022-09-11,493,137,516,3,105,227,31,26,0,14448,2022-09-19
2022-09-12,493,137,516,3,105,227,31,26,1,14448,2022-09-19
2022-09-13,493,140,517,4,105,228,31,26,1,14451,2022-09-26
2022-09-14,493,140,517,4,105,228,31,26,0,14451,2022-09-26
2022-09-15,493,140,517,4,105,228,31,26,0,14451,2022-09-26
2022-09-16,493,140,517,4,105,228,31,26,0,14451,2022-09-26
2022-09-17,493,140,517,4,105,228,31,26,0,14451,2022-09-26
2022-09-18,493,140,517,4,105,228,31,26,0,14451,2022-09-26
2022-09-19,493,140,517,4,105,228,31,26,0,14451,2022-09-26
2022-09-20,498,138,522,6,105,228,31,26,0,14453,2022-10-03
2022-09-21,498,138,522,6,105,228,31,26,0,14453,2022-10-03
2022-09-22,498,138,522,6,105,228,31,26,3,14453,2022-10-03
2022-09-23,498,138,522,6,105,228,31,26,0,14453,2022-10-03
2022-09-24,498,138,522,6,105,228,31,26,0,14453,2022-10-03
2022-09-25,498,138,522,6,105,228,31,26,0,14453,2022-10-03
2022-09-26,498,138,522,6,105,228,31,26,0,14453,2022-10-03
2022-09-27,502,138,528,8,105,230,31,26,0,14466,2022-10-10
2022-09-28,502,138,528,8,105,230,31,26,1,14466,2022-10-10
2022-09-29,502,138,528,8,105,230,31,26,1,14466,2022-10-10
2022-09-30,502,138,528,8,105,230,31,26,0,14466,2022-10-10
2022-10-01,502,138,528,8,105,230,31,26,0,14466,2022-10-10
2022-10-02,502,138,528,8,105,230,31,26,0,14466,2022-10-10
2022-10-03,502,138,528,8,105,230,31,26,1,14466,2022-10-10
2022-10-04,509,136,535,10,106,231,31,26,2,14509,2022-10-17
2022-10-05,509,136,535,10,106,231,31,26,5,14509,2022-10-17
2022-10-06,509,136,535,10,106,231,31,26,7,14509,2022-10-17
2022-10-07,509,136,535,10,106,231,31,26,9,14509,2022-10-17
2022-10-08,509,136,535,10,106,231,31,26,2,14509,2022-10-17
2022-10-09,509,136,535,10,106,231,31,26,1,14509,2022-10-17
2022-10-10,509,136,535,10,106,231,31,26,6,14509,2022-10-17
2022-10-11,523,126,549,4,108,232,31,26,6,14580,2022-10-24
2022-10-12,523,126,549,4,108,232,31,26,2,14580,2022-10-24
2022-10-13,523,126,549,4,108,232,31,26,4,14580,2022-10-24
2022-10-14,523,126,549,4,108,232,31,26,10,14580,2022-10-24
2022-10-15,523,126,549,4,108,232,31,26,2,14580,2022-10-24
2022-10-16,523,126,549,4,108,232,31,26,2,14580,2022-10-24
2022-10-17,523,126,549,4,108,232,31,26,11,14580,2022-10-24
2022-10-18,528,123,557,4,109,232,31,26,13,14668,2022-10-31
2022-10-19,528,123,557,4,109,232,31,26,7,14668,2022-10-31
2022-10-20,528,123,557,4,109,232,31,26,11,14668,2022-10-31
2022-10-21,528,123,557,4,109,232,31,26,8,14668,2022-10-31
2022-10-22,528,123,557,4,109,232,31,26,1,14668,2022-10-31
2022-10-23,528,123,557,4,109,232,31,26,4,14668,2022-10-31
2022-10-24,528,123,557,4,109,232,31,26,10,14668,2022-10-31
2022-10-25,532,128,566,8,108,234,31,26,7,14691,2022-11-07
2022-10-26,532,128,566,8,108,234,31,26,3,14691,2022-11-07
2022-10-27,532,128,566,8,108,234,31,26,3,14691,2022-11-07
2022-10-28,532,128,566,8,108,234,31,26,3,14691,2022-11-07
2022-10-29,532,128,566,8,108,234,31,26,3,14691,2022-11-07
2022-10-30,532,128,566,8,108,234,31,26,2,14691,2022-11-07
2022-10-31,532,128,566,8,108,234,31,26,3,14691,2022-11-07
2022-11-01,538,126,584,5,108,234,31,26,5,14745,2022-11-14
2022-11-02,538,126,584,5,108,234,31,26,7,14745,2022-11-14
2022-11-03,538,126,584,5,108,234,31,26,4,14745,2022-11-14
2022-11-04,538,126,584,5,108,234,31,26,4,14745,2022-11-14
2022-11-05,538,126,584,5,108,234,31,26,0,14745,2022-11-14
2022-11-06,538,126,584,5,108,234,31,26,7,14745,2022-11-14
2022-11-07,538,126,584,5,108,234,31,26,6,14745,2022-11-14
2022-11-08,546,127,609,2,108,236,32,26,13,14864,2022-11-21
2022-11-09,546,127,609,2,108,236,32,26,3,14864,2022-11-21
2022-11-10,546,127,609,2,108,236,32,26,20,14864,2022-11-21
2022-11-11,546,127,609,2,108,236,32,26,13,14864,2022-11-21
2022-11-12,546,127,609,2,108,236,32,26,3,14864,2022-11-21
2022-11-13,546,127,609,2,108,236,32,26,4,14864,2022-11-21
2022-11-14,546,127,609,2,108,236,32,26,19,14864,2022-11-21
2022-11-15,546,127,610,1,109,237,33,26,6,14864,2022-11-28
2022-11-16,546,127,610,1,109,237,33,26,34,14864,2022-11-28
2022-11-17,546,127,610,1,109,237,33,26,16,14864,2022-11-28
2022-11-18,546,127,610,1,109,237,33,26,9,14864,2022-11-28
2022-11-19,546,127,610,1,109,237,33,26,7,14864,2022-11-28
2022-11-20,546,127,610,1,109,237,33,26,0,14864,2022-11-28
2022-11-21,546,127,610,1,109,237,33,26,0,14864,2022-11-28
2022-11-22,547,131,614,1,110,240,32,26,0,14870,2022-12-05
2022-11-23,547,131,614,1,110,240,32,26,0,14870,2022-12-05
2022-11-24,547,131,614,1,110,240,32,26,0,14870,2022-12-05
2022-11-25,547,131,614,1,110,240,32,26,0,14870,2022-12-05
2022-11-26,547,131,614,1,110,240,32,26,0,14870,2022-12-05
2022-11-27,547,131,614,1,110,240,32,26,0,14870,2022-12-05
2022-11-28,547,131,614,1,110,240,32,26,1,14870,2022-12-05
2022-11-29,548,131,616,4,111,241,32,26,0,14871,2022-12-12
2022-11-30,548,131,616,4,111,241,32,26,0,14871,2022-12-12
2022-12-01,548,131,616,4,111,241,32,26,0,14871,2022-12-12
2022-12-02,548,131,616,4,111,241,32,26,5,14871,2022-12-12
2022-12-03,548,131,616,4,111,241,32,26,0,14871,2022-12-12
2022-12-04,548,131,616,4,111,241,32,26,0,14871,2022-12-12
2022-12-05,548,131,616,4,111,241,32,26,1,14871,2022-12-12
2022-12-06,550,131,618,3,111,244,32,26,0,14874,2022-12-19
2022-12-07,550,131,618,3,111,244,32,26,0,14874,2022-12-19
2022-12-08,550,131,618,3,111,244,32,26,0,14874,2022-12-19
2022-12-09,550,131,618,3,111,244,32,26,1,14874,2022-12-19
2022-12-10,550,131,618,3,111,244,32,26,0,14874,2022-12-19
2022-12-11,550,131,618,3,111,244,32,26,0,14874,2022-12-19
2022-12-12,550,131,618,3,111,244,32,26,1,14874,2022-12-19
2022-12-13,551,131,620,3,111,245,32,26,0,14881,2022-12-26
2022-12-14,551,131,620,3,111,245,32,26,0,14881,2022-12-26
2022-12-15,551,131,620,3,111,245,32,26,1,14881,2022-12-26
2022-12-16,551,131,620,3,111,245,32,26,0,14881,2022-12-26
2022-12-17,551,131,620,3,111,245,32,26,0,14881,2022-12-26
2022-12-18,551,131,620,3,111,245,32,26,0,14881,2022-12-26
2022-12-19,551,131,620,3,111,245,32,26,0,14881,2022-12-26
2022-12-20,551,131,620,4,111,249,32,26,0,14881,2023-01-02
2022-12-21,551,131,620,4,111,249,32,26,0,14881,2023-01-02
2022-12-22,551,131,620,4,111,249,32,26,5,14881,2023-01-02
2022-12-23,551,131,620,4,111,249,32,26,1,14881,2023-01-02
2022-12-24,551,131,620,4,111,249,32,26,0,14881,2023-01-02
2022-12-25,551,131,620,4,111,249,32,26,0,14881,2023-01-02
2022-12-26,551,131,620,4,111,249,32,26,0,14881,2023-01-02
2022-12-27,552,132,622,4,112,250,32,26,0,14883,2023-01-09
2022-12-28,552,132,622,4,112,250,32,26,0,14883,2023-01-09
2022-12-29,552,132,622,4,112,250,32,26,0,14883,2023-01-09
2022-12-30,552,132,622,4,112,250,32,26,0,14883,2023-01-09
2022-12-31,552,132,622,4,112,250,32,26,0,14883,2023-01-09
2023-01-01,552,132,622,4,112,250,32,26,0,14883,2023-01-09
2023-01-02,552,132,622,4,112,250,32,26,0,14883,2023-01-09
2023-01-03,554,136,624,3,112,250,32,26,0,14889,2023-01-16
2023-01-04,554,136,624,3,112,250,32,26,2,14889,2023-01-16
2023-01-05,554,136,624,3,112,250,32,26,0,14889,2023-01-16
2023-01-06,554,136,624,3,112,250,32,26,0,14889,2023-01-16
2023-01-07,554,136,624,3,112,250,32,26,0,14889,2023-01-16
2023-01-08,554,136,624,3,112,250,32,26,0,14889,2023-01-16
2023-01-09,554,136,624,3,112,250,32,26,0,14889,2023-01-16
2023-01-10,555,136,628,3,113,251,32,27,4,14922,2023-01-23
2023-01-11,555,136,628,3,113,251,32,27,4,14922,2023-01-23
2023-01-12,555,136,628,3,113,251,32,27,0,14922,2023-01-23
2023-01-13,555,136,628,3,113,251,32,27,3,14922,2023-01-23
2023-01-14,555,136,628,3,113,251,32,27,0,14922,2023-01-23
2023-01-15,555,136,628,3,113,251,32,27,0,14922,2023-01-23
2023-01-16,555,136,628,3,113,251,32,27,0,14922,2023-01-23
2023-01-17,564,130,638,2,113,251,32,28,4,14942,2023-01-30
2023-01-18,564,130,638,2,113,251,32,28,0,14942,2023-01-30
2023-01-19,564,130,638,2,113,251,32,28,2,14942,2023-01-30
2023-01-20,564,130,638,2,113,251,32,28,0,14942,2023-01-30
2023-01-21,564,130,638,2,113,251,32,28,0,14942,2023-01-30
2023-01-22,564,130,638,2,113,251,32,28,0,14942,2023-01-30
2023-01-23,564,130,638,2,113,251,32,28,0,14942,2023-01-30
2023-01-24,567,129,639,6,114,250,32,28,3,14974,2023-02-06
2023-01-25,567,129,639,6,114,250,32,28,1,14974,2023-02-06
2023-01-26,567,129,639,6,114,250,32,28,12,14974,2023-02-06
2023-01-27,567,129,639,6,114,250,32,28,7,14974,2023-02-06
2023-01-28,567,129,639,6,114,250,32,28,6,14974,2023-02-06
2023-01-29,567,129,639,6,114,250,32,28,1,14974,2023-02-06
2023-01-30,567,129,639,6,114,250,32,28,2,14974,2023-02-06
2023-01-31,575,124,646,4,116,252,33,28,2,14990,2023-02-13
2023-02-01,575,124,646,4,116,252,33,28,3,14990,2023-02-13
2023-02-02,575,124,646,4,116,252,33,28,2,14990,2023-02-13
2023-02-03,575,124,646,4,116,252,33,28,8,14990,2023-02-13
2023-02-04,575,124,646,4,116,252,33,28,1,14990,2023-02-13
2023-02-05,575,124,646,4,116,252,33,28,0,14990,2023-02-13
2023-02-06,575,124,646,4,116,252,33,28,3,14990,2023-02-13
2023-02-07,579,122,649,4,119,255,32,28,2,14997,2023-02-20
2023-02-08,579,122,649,4,119,255,32,28,3,14997,2023-02-20
2023-02-09,579,122,649,4,119,255,32,28,0,14997,2023-02-20
2023-02-10,579,122,649,4,119,255,32,28,0,14997,2023-02-20
2023-02-11,579,122,649,4,119,255,32,28,0,14997,2023-02-20
2023-02-12,579,122,649,4,119,255,32,28,0,14997,2023-02-20
2023-02-13,579,122,649,4,119,255,32,28,0,14997,2023-02-20
2023-02-14,580,122,655,3,119,255,32,28,1,15011,2023-02-27
2023-02-15,580,122,655,3,119,255,32,28,0,15011,2023-02-27
2023-02-16,580,122,655,3,119,255,32,28,0,15011,2023-02-27
2023-02-17,580,122,655,3,119,255,32,28,4,15011,2023-02-27
2023-02-18,580,122,655,3,119,255,32,28,1,15011,2023-02-27
2023-02-19,580,122,655,3,119,255,32,28,2,15011,2023-02-27
2023-02-20,580,122,655,3,119,255,32,28,5,15011,2023-02-27
2023-02-21,580,127,655,5,121,256,32,28,1,15011,2023-03-06
2023-02-22,580,127,655,5,121,256,32,28,1,15011,2023-03-06
2023-02-23,580,127,655,5,121,256,32,28,4,15011,2023-03-06
2023-02-24,580,127,655,5,121,256,32,28,1,15011,2023-03-06
2023-02-25,580,127,655,5,121,256,32,28,1,15011,2023-03-06
2023-02-26,580,127,655,5,121,256,32,28,0,15011,2023-03-06
2023-02-27,580,127,655,5,121,256,32,28,0,15011,2023-03-06
2023-02-28,583,126,657,4,122,257,32,28,0,15012,2023-03-13
2023-03-01,583,126,657,4,122,257,32,28,0,15012,2023-03-13
2023-03-02,583,126,657,4,122,257,32,28,0,15012,2023-03-13
2023-03-03,583,126,657,4,122,257,32,28,0,15012,2023-03-13
2023-03-04,583,126,657,4,122,257,32,28,0,15012,2023-03-13
2023-03-05,583,126,657,4,122,257,32,28,0,15012,2023-03-13
2023-03-06,583,126,657,4,122,257,32,28,0,15012,2023-03-13
2023-03-07,585,124,659,6,124,258,32,28,0,15013,2023-03-20
2023-03-08,585,124,659,6,124,258,32,28,0,15013,2023-03-20
2023-03-09,585,124,659,6,124,258,32,28,1,15013,2023-03-20
2023-03-10,585,124,659,6,124,258,32,28,0,15013,2023-03-20
2023-03-11,585,124,659,6,124,258,32,28,0,15013,2023-03-20
2023-03-12,585,124,659,6,124,258,32,28,0,15013,2023-03-20
2023-03-13,585,124,659,6,124,258,32,28,0,15013,2023-03-20
2023-03-14,588,122,663,6,125,259,33,28,0,15017,2023-03-27
2023-03-15,588,122,663,6,125,259,33,28,0,15017,2023-03-27
2023-03-16,588,122,663,6,125,259,33,28,1,15017,2023-03-27
2023-03-17,588,122,663,6,125,259,33,28,0,15017,2023-03-27
2023-03-18,588,122,663,6,125,259,33,28,0,15017,2023-03-27
2023-03-19,588,122,663,6,125,259,33,28,0,15017,2023-03-27
2023-03-20,588,122,663,6,125,259,33,28,0,15017,2023-03-27
2023-03-21,588,123,664,5,123,261,33,28,1,15017,2023-04-03
2023-03-22,588,123,664,5,123,261,33,28,0,15017,2023-04-03
2023-03-23,588,123,664,5,123,261,33,28,3,15017,2023-04-03
2023-03-24,588,123,664,5,123,261,33,28,0,15017,2023-04-03
2023-03-25,588,123,664,5,123,261,33,28,0,15017,2023-04-03
2023-03-26,588,123,664,5,123,261,33,28,0,15017,2023-04-03
2023-03-27,588,123,664,5,123,261,33,28,0,15017,2023-04-03
2023-03-28,588,123,666,6,124,264,33,28,0,15019,2023-04-10
2023-03-29,588,123,666,6,124,264,33,28,0,15019,2023-04-10
2023-03-30,588,123,666,6,124,264,33,28,0,15019,2023-04-10
2023-03-31,588,123,666,6,124,264,33,28,0,15019,2023-04-10
2023-04-01,588,123,666,6,124,264,33,28,0,15019,2023-04-10
2023-04-02,588,123,666,6,124,264,33,28,0,15019,2023-04-10
2023-04-03,588,123,666,6,124,264,33,28,0,15019,2023-04-10
2023-04-04,590,122,669,4,124,267,33,28,1,15021,2023-04-17
2023-04-05,590,122,669,4,124,267,33,28,0,15021,2023-04-17
2023-04-06,590,122,669,4,124,267,33,28,1,15021,2023-04-17
2023-04-07,590,122,669,4,124,267,33,28,0,15021,2023-04-17
2023-04-08,590,122,669,4,124,267,33,28,0,15021,2023-04-17
2023-04-09,590,122,669,4,124,267,33,28,0,15021,2023-04-17
2023-04-10,590,122,669,4,124,267,33,28,0,15021,2023-04-17
2023-04-11,592,121,673,5,124,270,33,28,2,15023,2023-04-24
2023-04-12,592,121,673,5,124,270,33,28,0,15023,2023-04-24
2023-04-13,592,121,673,5,124,270,33,28,0,15023,2023-04-24
2023-04-14,592,121,673,5,124,270,33,28,0,15023,2023-04-24
2023-04-15,592,121,673,5,124,270,33,28,0,15023,2023-04-24
2023-04-16,592,121,673,5,124,270,33,28,0,15023,2023-04-24
2023-04-17,592,121,673,5,124,270,33,28,0,15023,2023-04-24
2023-04-18,592,122,673,5,124,270,33,28,0,15023,2023-05-01
2023-04-19,592,122,673,5,124,270,33,28,0,15023,2023-05-01
2023-04-20,592,122,673,5,124,270,33,28,0,15023,2023-05-01
2023-04-21,592,122,673,5,124,270,33,28,2,15023,2023-05-01
2023-04-22,592,122,673,5,124,270,33,28,0,15023,2023-05-01
2023-04-23,592,122,673,5,124,270,33,28,0,15023,2023-05-01
2023-04-24,592,122,673,5,124,270,33,28,0,15023,2023-05-01
2023-04-25,593,121,677,3,124,270,33,28,0,15029,2023-05-08
2023-04-26,593,121,677,3,124,270,33,28,0,15029,2023-05-08
2023-04-27,593,121,677,3,124,270,33,28,0,15029,2023-05-08
2023-04-28,593,121,677,3,124,270,33,28,0,15029,2023-05-08
2023-04-29,593,121,677,3,124,270,33,28,0,15029,2023-05-08
2023-04-30,593,121,677,3,124,270,33,28,0,15029,2023-05-08
2023-05-01,593,121,677,3,124,270,33,28,0,15029,2023-05-08
2023-05-02,593,121,678,4,124,271,33,28,1,15033,2023-05-15
2023-05-03,593,121,678,4,124,271,33,28,0,15033,2023-05-15
2023-05-04,593,121,678,4,124,271,33,28,1,15033,2023-05-15
2023-05-05,593,121,678,4,124,271,33,28,2,15033,2023-05-15
2023-05-06,593,121,678,4,124,271,33,28,0,15033,2023-05-15
2023-05-07,593,121,678,4,124,271,33,28,0,15033,2023-05-15
2023-05-08,593,121,678,4,124,271,33,28,0,15033,2023-05-15
2023-05-09,593,127,679,3,124,271,33,28,1,15036,2023-05-22
2023-05-10,593,127,679,3,124,271,33,28,1,15036,2023-05-22
2023-05-11,593,127,679,3,124,271,33,28,0,15036,2023-05-22
2023-05-12,593,127,679,3,124,271,33,28,1,15036,2023-05-22
2023-05-13,593,127,679,3,124,271,33,28,0,15036,2023-05-22
2023-05-14,593,127,679,3,124,271,33,28,0,15036,2023-05-22
2023-05-15,593,127,679,3,124,271,33,28,0,15036,2023-05-22
2023-05-16,598,123,682,2,124,273,33,28,1,15040,2023-05-29
2023-05-17,598,123,682,2,124,273,33,28,0,15040,2023-05-29
2023-05-18,598,123,682,2,124,273,33,28,0,15040,2023-05-29
2023-05-19,598,123,682,2,124,273,33,28,1,15040,2023-05-29
2023-05-20,598,123,682,2,124,273,33,28,0,15040,2023-05-29
2023-05-21,598,123,682,2,124,273,33,28,0,15040,2023-05-29
2023-05-22,598,123,682,2,124,273,33,28,0,15040,2023-05-29
2023-05-23,599,123,685,2,125,272,33,28,1,15044,2023-06-05
2023-05-24,599,123,685,2,125,272,33,28,0,15044,2023-06-05
2023-05-25,599,123,685,2,125,272,33,28,1,15044,2023-06-05
2023-05-26,599,123,685,2,125,272,33,28,0,15044,2023-06-05
2023-05-27,599,123,685,2,125,272,33,28,2,15044,2023-06-05
2023-05-28,599,123,685,2,125,272,33,28,0,15044,2023-06-05
2023-05-29,599,123,685,2,125,272,33,28,0,15044,2023-06-05
2023-05-30,599,123,688,2,124,275,34,28,0,15161,2023-06-12
2023-05-31,599,123,688,2,124,275,34,28,0,15161,2023-06-12
2023-06-01,599,123,688,2,124,275,34,28,0,15161,2023-06-12
2023-06-02,599,123,688,2,124,275,34,28,0,15161,2023-06-12
2023-06-03,599,123,688,2,124,275,34,28,0,15161,2023-06-12
2023-06-04,599,123,688,2,124,275,34,28,0,15161,2023-06-12
2023-06-05,599,123,688,2,124,275,34,28,0,15161,2023-06-12
2023-06-06,599,126,688,2,124,276,34,28,1,15161,2023-06-19
2023-06-07,599,126,688,2,124,276,34,28,1,15161,2023-06-19
2023-06-08,599,126,688,2,124,276,34,28,0,15161,2023-06-19
2023-06-09,599,126,688,2,124,276,34,28,3,15161,2023-06-19
2023-06-10,599,126,688,2,124,276,34,28,0,15161,2023-06-19
2023-06-11,599,126,688,2,124,276,34,28,0,15161,2023-06-19
2023-06-12,599,126,688,2,124,276,34,28,0,15161,2023-06-19
2023-06-13,599,126,688,2,123,277,34,28,0,15161,2023-06-26
2023-06-14,599,126,688,2,123,277,34,28,0,15161,2023-06-26
2023-06-15,599,126,688,2,123,277,34,28,0,15161,2023-06-26
2023-06-16,599,126,688,2,123,277,34,28,0,15161,2023-06-26
2023-06-17,599,126,688,2,123,277,34,28,0,15161,2023-06-26
2023-06-18,599,126,688,2,123,277,34,28,0,15161,2023-06-26
2023-06-19,599,126,688,2,123,277,34,28,0,15161,2023-06-26
2023-06-20,599,126,688,2,123,277,33,28,0,15161,2023-07-03
2023-06-21,599,126,688,2,123,277,33,28,0,15161,2023-07-03
2023-06-22,599,126,688,2,123,277,33,28,0,15161,2023-07-03
2023-06-23,599,126,688,2,123,277,33,28,0,15161,2023-07-03
2023-06-24,599,126,688,2,123,277,33,28,0,15161,2023-07-03
2023-06-25,599,126,688,2,123,277,33,28,0,15161,2023-07-03
2023-06-26,599,126,688,2,123,277,33,28,0,15161,2023-07-03
2023-06-27,599,127,688,2,123,277,33,28,0,15161,2023-07-10
2023-06-28,599,127,688,2,123,277,33,28,0,15161,2023-07-10
2023-06-29,599,127,688,2,123,277,33,28,0,15161,2023-07-10
2023-06-30,599,127,688,2,123,277,33,28,0,15161,2023-07-10
2023-07-01,599,127,688,2,123,277,33,28,0,15161,2023-07-10
2023-07-02,599,127,688,2,123,277,33,28,0,15161,2023-07-10
2023-07-03,599,127,688,2,123,277,33,28,0,15161,2023-07-10
2023-07-04,599,128,689,3,123,278,33,28,0,15161,2023-07-17
2023-07-05,599,128,689,3,123,278,33,28,0,15161,2023-07-17
2023-07-06,599,128,689,3,123,278,33,28,0,15161,2023-07-17
2023-07-07,599,128,689,3,123,278,33,28,0,15161,2023-07-17
2023-07-08,599,128,689,3,123,278,33,28,0,15161,2023-07-17
2023-07-09,599,128,689,3,123,278,33,28,0,15161,2023-07-17
2023-07-10,599,128,689,3,123,278,33,28,0,15161,2023-07-17
2023-07-11,599,128,689,3,123,279,33,28,0,15161,2023-07-24
2023-07-12,599,128,689,3,123,279,33,28,0,15161,2023-07-24
2023-07-13,599,128,689,3,123,279,33,28,0,15161,2023-07-24
2023-07-14,599,128,689,3,123,279,33,28,0,15161,2023-07-24
2023-07-15,599,128,689,3,123,279,33,28,0,15161,2023-07-24
2023-07-16,599,128,689,3,123,279,33,28,0,15161,2023-07-24
2023-07-17,599,128,689,3,123,279,33,28,0,15161,2023-07-24
2023-07-18,599,129,689,3,123,280,33,28,0,15161,2023-07-31
2023-07-19,599,129,689,3,123,280,33,28,0,15161,2023-07-31
2023-07-20,599,129,689,3,123,280,33,28,0,15161,2023-07-31
2023-07-21,599,129,689,3,123,280,33,28,0,15161,2023-07-31
2023-07-22,599,129,689,3,123,280,33,28,0,15161,2023-07-31
2023-07-23,599,129,689,3,123,280,33,28,0,15161,2023-07-31
2023-07-24,599,129,689,3,123,280,33,28,0,15161,2023-07-31
2023-07-25,599,131,689,3,123,282,33,28,0,15161,2023-08-07
2023-07-26,599,131,689,3,123,282,33,28,0,15161,2023-08-07
2023-07-27,599,131,689,3,123,282,33,28,0,15161,2023-08-07
2023-07-28,599,131,689,3,123,282,33,28,0,15161,2023-08-07
2023-07-29,599,131,689,3,123,282,33,28,0,15161,2023-08-07
2023-07-30,599,131,689,3,123,282,33,28,0,15161,2023-08-07
2023-07-31,599,131,689,3,123,282,33,28,0,15161,2023-08-07
2023-08-01,601,132,690,3,122,283,33,28,0,15162,2023-08-14
2023-08-02,601,132,690,3,122,283,33,28,0,15162,2023-08-14
2023-08-03,601,132,690,3,122,283,33,28,0,15162,2023-08-14
2023-08-04,601,132,690,3,122,283,33,28,0,15162,2023-08-14
2023-08-05,601,132,690,3,122,283,33,28,0,15162,2023-08-14
2023-08-06,601,132,690,3,122,283,33,28,0,15162,2023-08-14
2023-08-07,601,132,690,3,122,283,33,28,0,15162,2023-08-14
2023-08-08,602,134,693,2,122,284,33,28,0,15226,2023-08-21
2023-08-09,602,134,693,2,122,284,33,28,1,15226,2023-08-21
2023-08-10,602,134,693,2,122,284,33,28,0,15226,2023-08-21
2023-08-11,602,134,693,2,122,284,33,28,0,15226,2023-08-21
2023-08-12,602,134,693,2,122,284,33,28,0,15226,2023-08-21
2023-08-13,602,134,693,2,122,284,33,28,0,15226,2023-08-21
2023-08-14,602,134,693,2,122,284,33,28,0,15226,2023-08-21
2023-08-15,602,137,695,2,122,285,33,28,1,15227,2023-08-28
2023-08-16,602,137,695,2,122,285,33,28,4,15227,2023-08-28
2023-08-17,602,137,695,2,122,285,33,28,1,15227,2023-08-28
2023-08-18,602,137,695,2,122,285,33,28,0,15227,2023-08-28
2023-08-19,602,137,695,2,122,285,33,28,0,15227,2023-08-28
2023-08-20,602,137,695,2,122,285,33,28,0,15227,2023-08-28
2023-08-21,602,137,695,2,122,285,33,28,0,15227,2023-08-28
2023-08-22,602,138,695,2,121,287,33,28,0,15227,2023-09-04
2023-08-23,602,138,695,2,121,287,33,28,0,15227,2023-09-04
2023-08-24,602,138,695,2,121,287,33,28,0,15227,2023-09-04
2023-08-25,602,138,695,2,121,287,33,28,1,15227,2023-09-04
2023-08-26,602,138,695,2,121,287,33,28,0,15227,2023-09-04
2023-08-27,602,138,695,2,121,287,33,28,0,15227,2023-09-04
2023-08-28,602,138,695,2,121,287,33,28,0,15227,2023-09-04
2023-08-29,604,137,695,2,121,288,33,28,0,15227,2023-09-11
2023-08-30,604,137,695,2,121,288,33,28,0,15227,2023-09-11
2023-08-31,604,137,695,2,121,288,33,28,0,15227,2023-09-11
2023-09-01,604,137,695,2,121,288,33,28,0,15227,2023-09-11
2023-09-02,604,137,695,2,121,288,33,28,0,15227,2023-09-11
2023-09-03,604,137,695,2,121,288,33,28,0,15227,2023-09-11
2023-09-04,604,137,695,2,121,288,33,28,0,15227,2023-09-11
2023-09-05,605,138,697,5,121,288,33,28,0,15248,2023-09-18
2023-09-06,605,138,697,5,121,288,33,28,1,15248,2023-09-18
2023-09-07,605,138,697,5,121,288,33,28,0,15248,2023-09-18
2023-09-08,605,138,697,5,121,288,33,28,0,15248,2023-09-18
2023-09-09,605,138,697,5,121,288,33,28,0,15248,2023-09-18
2023-09-10,605,138,697,5,121,288,33,28,0,15248,2023-09-18
2023-09-11,605,138,697,5,121,288,33,28,0,15248,2023-09-18
2023-09-12,610,139,705,3,121,288,33,28,3,15541,2023-09-25
2023-09-13,610,139,705,3,121,288,33,28,5,15541,2023-09-25
2023-09-14,610,139,705,3,121,288,33,28,6,15541,2023-09-25
2023-09-15,610,139,705,3,121,288,33,28,3,15541,2023-09-25
2023-09-16,610,139,705,3,121,288,33,28,0,15541,2023-09-25
2023-09-17,610,139,705,3,121,288,33,28,1,15541,2023-09-25
2023-09-18,610,139,705,3,121,288,33,28,12,15541,2023-09-25
2023-09-19,615,141,712,4,122,287,33,28,2,15568,2023-10-02
2023-09-20,615,141,712,4,122,287,33,28,3,15568,2023-10-02
2023-09-21,615,141,712,4,122,287,33,28,0,15568,2023-10-02
2023-09-22,615,141,712,4,122,287,33,28,2,15568,2023-10-02
2023-09-23,615,141,712,4,122,287,33,28,1,15568,2023-10-02
2023-09-24,615,141,712,4,122,287,33,28,4,15568,2023-10-02
2023-09-25,615,141,712,4,122,287,33,28,7,15568,2023-10-02
2023-09-26,619,145,718,5,122,289,33,28,6,15578,2023-10-09
2023-09-27,619,145,718,5,122,289,33,28,2,15578,2023-10-09
2023-09-28,619,145,718,5,122,289,33,28,2,15578,2023-10-09
2023-09-29,619,145,718,5,122,289,33,28,6,15578,2023-10-09
2023-09-30,619,145,718,5,122,289,33,28,0,15578,2023-10-09
2023-10-01,619,145,718,5,122,289,33,28,1,15578,2023-10-09
2023-10-02,619,145,718,5,122,289,33,28,0,15578,2023-10-09
2023-10-03,621,144,723,7,123,291,33,28,3,15601,2023-10-16
2023-10-04,621,144,723,7,123,291,33,28,2,15601,2023-10-16
2023-10-05,621,144,723,7,123,291,33,28,4,15601,2023-10-16
2023-10-06,621,144,723,7,123,291,33,28,2,15601,2023-10-16
2023-10-07,621,144,723,7,123,291,33,28,1,15601,2023-10-16
2023-10-08,621,144,723,7,123,291,33,28,0,15601,2023-10-16
2023-10-09,621,144,723,7,123,291,33,28,1,15601,2023-10-16
2023-10-10,628,145,730,8,123,293,33,28,6,15685,2023-10-23
2023-10-11,628,145,730,8,123,293,33,28,10,15685,2023-10-23
2023-10-12,628,145,730,8,123,293,33,28,3,15685,2023-10-23
2023-10-13,628,145,730,8,123,293,33,28,4,15685,2023-10-23
2023-10-14,628,145,730,8,123,293,33,28,0,15685,2023-10-23
2023-10-15,628,145,730,8,123,293,33,28,2,15685,2023-10-23
2023-10-16,628,145,730,8,123,293,33,28,2,15685,2023-10-23
2023-10-17,639,140,740,5,123,295,33,28,5,15719,2023-10-30
2023-10-18,639,140,740,5,123,295,33,28,5,15719,2023-10-30
2023-10-19,639,140,740,5,123,295,33,28,2,15719,2023-10-30
2023-10-20,639,140,740,5,123,295,33,28,2,15719,2023-10-30
2023-10-21,639,140,740,5,123,295,33,28,0,15719,2023-10-30
2023-10-22,639,140,740,5,123,295,33,28,2,15719,2023-10-30
2023-10-23,639,140,740,5,123,295,33,28,5,15719,2023-10-30
2023-10-24,645,141,749,8,123,296,33,28,4,15785,2023-11-06
2023-10-25,645,141,749,8,123,296,33,28,11,15785,2023-11-06
2023-10-26,645,141,749,8,123,296,33,28,7,15785,2023-11-06
2023-10-27,645,141,749,8,123,296,33,28,6,15785,2023-11-06
2023-10-28,645,141,749,8,123,296,33,28,2,15785,2023-11-06
2023-10-29,645,141,749,8,123,296,33,28,3,15785,2023-11-06
2023-10-30,645,141,749,8,123,296,33,28,5,15785,2023-11-06
2023-10-31,656,140,759,6,123,295,33,28,6,15812,2023-11-13
2023-11-01,656,140,759,6,123,295,33,28,3,15812,2023-11-13
2023-11-02,656,140,759,6,123,295,33,28,6,15812,2023-11-13
2023-11-03,656,140,759,6,123,295,33,28,1,15812,2023-11-13
2023-11-04,656,140,759,6,123,295,33,28,0,15812,2023-11-13
2023-11-05,656,140,759,6,123,295,33,28,1,15812,2023-11-13
2023-11-06,656,140,759,6,123,295,33,28,0,15812,2023-11-13
2023-11-07,665,151,772,6,123,296,33,28,0,15836,2023-11-20
2023-11-08,665,151,772,6,123,296,33,28,9,15836,2023-11-20
2023-11-09,665,151,772,6,123,296,33,28,5,15836,2023-11-20
2023-11-10,665,151,772,6,123,296,33,28,6,15836,2023-11-20
2023-11-11,665,151,772,6,123,296,33,28,0,15836,2023-11-20
2023-11-12,665,151,772,6,123,296,33,28,0,15836,2023-11-20
2023-11-13,665,151,772,6,123,296,33,28,1,15836,2023-11-20
2023-11-14,666,152,774,7,123,296,33,28,3,15836,2023-11-27
2023-11-15,666,152,774,7,123,296,33,28,3,15836,2023-11-27
2023-11-16,666,152,774,7,123,296,33,28,6,15836,2023-11-27
2023-11-17,666,152,774,7,123,296,33,28,8,15836,2023-11-27
2023-11-18,666,152,774,7,123,296,33,28,0,15836,2023-11-27
2023-11-19,666,152,774,7,123,296,33,28,1,15836,2023-11-27
2023-11-20,666,152,774,7,123,296,33,28,0,15836,2023-11-27
2023-11-21,679,146,789,3,123,296,33,28,0,15923,2023-12-04
2023-11-22,679,146,789,3,123,296,33,28,0,15923,2023-12-04
2023-11-23,679,146,789,3,123,296,33,28,0,15923,2023-12-04
2023-11-24,679,146,789,3,123,296,33,28,0,15923,2023-12-04
2023-11-25,679,146,789,3,123,296,33,28,0,15923,2023-12-04
2023-11-26,679,146,789,3,123,296,33,28,0,15923,2023-12-04
2023-11-27,679,146,789,3,123,296,33,28,3,15923,2023-12-04
2023-11-28,695,149,807,3,124,296,33,28,7,15962,2023-12-11
2023-11-29,695,149,807,3,124,296,33,28,8,15962,2023-12-11
2023-11-30,695,149,807,3,124,296,33,28,6,15962,2023-12-11
2023-12-01,695,149,807,3,124,296,33,28,6,15962,2023-12-11
2023-12-02,695,149,807,3,124,296,33,28,0,15962,2023-12-11
2023-12-03,695,149,807,3,124,296,33,28,0,15962,2023-12-11
2023-12-04,695,149,807,3,124,296,33,28,3,15962,2023-12-11
2023-12-05,761,86,814,2,124,297,33,28,10,15971,2023-12-18
2023-12-06,761,86,814,2,124,297,33,28,8,15971,2023-12-18
2023-12-07,761,86,814,2,124,297,33,28,2,15971,2023-12-18
2023-12-08,761,86,814,2,124,297,33,28,4,15971,2023-12-18
2023-12-09,761,86,814,2,124,297,33,28,3,15971,2023-12-18
2023-12-10,761,86,814,2,124,297,33,28,4,15971,2023-12-18
2023-12-11,761,86,814,2,124,297,33,28,5,15971,2023-12-18
2023-12-12,761,87,814,2,124,299,33,28,2,15971,2023-12-25
2023-12-13,761,87,814,2,124,299,33,28,5,15971,2023-12-25
2023-12-14,761,87,814,2,124,299,33,28,0,15971,2023-12-25
2023-12-15,761,87,814,2,124,299,33,28,0,15971,2023-12-25
2023-12-16,761,87,814,2,124,299,33,28,0,15971,2023-12-25
2023-12-17,761,87,814,2,124,299,33,28,0,15971,2023-12-25
2023-12-18,761,87,814,2,124,299,33,28,0,15971,2023-12-25
2023-12-19,761,87,814,2,125,299,34,28,0,15971,2024-01-01
2023-12-20,761,87,814,2,125,299,34,28,0,15971,2024-01-01
2023-12-21,761,87,814,2,125,299,34,28,0,15971,2024-01-01
2023-12-22,761,87,814,2,125,299,34,28,0,15971,2024-01-01
2023-12-23,761,87,814,2,125,299,34,28,0,15971,2024-01-01
2023-12-24,761,87,814,2,125,299,34,28,0,15971,2024-01-01
2023-12-25,761,87,814,2,125,299,34,28,0,15971,2024-01-01
2023-12-26,761,90,815,2,125,299,33,28,0,15972,2024-01-08
2023-12-27,761,90,815,2,125,299,33,28,0,15972,2024-01-08
2023-12-28,761,90,815,2,125,299,33,28,0,15972,2024-01-08
2023-12-29,761,90,815,2,125,299,33,28,0,15972,2024-01-08
2023-12-30,761,90,815,2,125,299,33,28,0,15972,2024-01-08
2023-12-31,761,90,815,2,125,299,33,28,0,15972,2024-01-08
2024-01-01,761,90,815,2,125,299,33,28,0,15972,2024-01-08
2024-01-02,761,92,815,3,126,300,33,28,1,15972,2024-01-15
2024-01-03,761,92,815,3,126,300,33,28,0,15972,2024-01-15
2024-01-04,761,92,815,3,126,300,33,28,0,15972,2024-01-15
2024-01-05,761,92,815,3,126,300,33,28,0,15972,2024-01-15
2024-01-06,761,92,815,3,126,300,33,28,0,15972,2024-01-15
2024-01-07,761,92,815,3,126,300,33,28,0,15972,2024-01-15
2024-01-08,761,92,815,3,126,300,33,28,0,15972,2024-01-15
2024-01-09,763,94,816,2,126,301,33,28,0,15974,2024-01-22
2024-01-10,763,94,816,2,126,301,33,28,0,15974,2024-01-22
2024-01-11,763,94,816,2,126,301,33,28,0,15974,2024-01-22
2024-01-12,763,94,816,2,126,301,33,28,0,15974,2024-01-22
2024-01-13,763,94,816,2,126,301,33,28,0,15974,2024-01-22
2024-01-14,763,94,816,2,126,301,33,28,0,15974,2024-01-22
2024-01-15,763,94,816,2,126,301,33,28,1,15974,2024-01-22
2024-01-16,763,100,816,2,126,301,33,28,0,15974,2024-01-29
2024-01-17,763,100,816,2,126,301,33,28,0,15974,2024-01-29
2024-01-18,763,100,816,2,126,301,33,28,0,15974,2024-01-29
2024-01-19,763,100,816,2,126,301,33,28,0,15974,2024-01-29
2024-01-20,763,100,816,2,126,301,33,28,0,15974,2024-01-29
2024-01-21,763,100,816,2,126,301,33,28,0,15974,2024-01-29
2024-01-22,763,100,816,2,126,301,33,28,0,15974,2024-01-29
2024-01-23,763,103,816,2,128,302,33,28,0,15974,2024-02-05
2024-01-24,763,103,816,2,128,302,33,28,0,15974,2024-02-05
2024-01-25,763,103,816,2,128,302,33,28,0,15974,2024-02-05
2024-01-26,763,103,816,2,128,302,33,28,0,15974,2024-02-05
2024-01-27,763,103,816,2,128,302,33,28,0,15974,2024-02-05
2024-01-28,763,103,816,2,128,302,33,28,0,15974,2024-02-05
2024-01-29,763,103,816,2,128,302,33,28,0,15974,2024-02-05
2024-01-30,764,104,817,4,137,303,33,28,0,15975,2024-02-12
2024-01-31,764,104,817,4,137,303,33,28,0,15975,2024-02-12
2024-02-01,764,104,817,4,137,303,33,28,0,15975,2024-02-12
2024-02-02,764,104,817,4,137,303,33,28,0,15975,2024-02-12
2024-02-03,764,104,817,4,137,303,33,28,0,15975,2024-02-12
2024-02-04,764,104,817,4,137,303,33,28,0,15975,2024-02-12
2024-02-05,764,104,817,4,137,303,33,28,0,15975,2024-02-12
2024-02-06,768,102,819,9,140,303,33,28,0,15977,2024-02-19
2024-02-07,768,102,819,9,140,303,33,28,1,15977,2024-02-19
2024-02-08,768,102,819,9,140,303,33,28,0,15977,2024-02-19
2024-02-09,768,102,819,9,140,303,33,28,0,15977,2024-02-19
2024-02-10,768,102,819,9,140,303,33,28,0,15977,2024-02-19
2024-02-11,768,102,819,9,140,303,33,28,0,15977,2024-02-19
2024-02-12,768,102,819,9,140,303,33,28,0,15977,2024-02-19
2024-02-13,772,103,821,9,129,305,33,28,3,15980,2024-02-26
2024-02-14,772,103,821,9,129,305,33,28,0,15980,2024-02-26
2024-02-15,772,103,821,9,129,305,33,28,0,15980,2024-02-26
2024-02-16,772,103,821,9,129,305,33,28,0,15980,2024-02-26
2024-02-17,772,103,821,9,129,305,33,28,0,15980,2024-02-26
2024-02-18,772,103,821,9,129,305,33,28,0,15980,2024-02-26
2024-02-19,772,103,821,9,129,305,33,28,2,15980,2024-02-26
2024-02-20,788,92,839,4,129,306,32,28,1,16024,2024-03-04
2024-02-21,788,92,839,4,129,306,32,28,1,16024,2024-03-04
2024-02-22,788,92,839,4,129,306,32,28,1,16024,2024-03-04
2024-02-23,788,92,839,4,129,306,32,28,0,16024,2024-03-04
2024-02-24,788,92,839,4,129,306,32,28,0,16024,2024-03-04
2024-02-25,788,92,839,4,129,306,32,28,1,16024,2024-03-04
2024-02-26,788,92,839,4,129,306,32,28,7,16024,2024-03-04
2024-02-27,789,95,845,2,129,306,32,28,6,16074,2024-03-11
2024-02-28,789,95,845,2,129,306,32,28,3,16074,2024-03-11
2024-02-29,789,95,845,2,129,306,32,28,8,16074,2024-03-11
2024-03-01,789,95,845,2,129,306,32,28,6,16074,2024-03-11
2024-03-02,789,95,845,2,129,306,32,28,0,16074,2024-03-11
2024-03-03,789,95,845,2,129,306,32,28,5,16074,2024-03-11
2024-03-04,789,95,845,2,129,306,32,28,8,16074,2024-03-11
2024-03-05,791,98,848,1,130,309,34,28,2,16079,2024-03-18
2024-03-06,791,98,848,1,130,309,34,28,2,16079,2024-03-18
2024-03-07,791,98,848,1,130,309,34,28,0,16079,2024-03-18
2024-03-08,791,98,848,1,130,309,34,28,0,16079,2024-03-18
2024-03-09,791,98,848,1,130,309,34,28,0,16079,2024-03-18
2024-03-10,791,98,848,1,130,309,34,28,0,16079,2024-03-18
2024-03-11,791,98,848,1,130,309,34,28,0,16079,2024-03-18
2024-03-12,792,100,850,2,130,309,34,28,1,16081,2024-03-25
2024-03-13,792,100,850,2,130,309,34,28,0,16081,2024-03-25
2024-03-14,792,100,850,2,130,309,34,28,0,16081,2024-03-25
2024-03-15,792,100,850,2,130,309,34,28,4,16081,2024-03-25
2024-03-16,792,100,850,2,130,309,34,28,0,16081,2024-03-25
2024-03-17,792,100,850,2,130,309,34,28,0,16081,2024-03-25
2024-03-18,792,100,850,2,130,309,34,28,1,16081,2024-03-25
2024-03-19,792,100,850,2,130,310,34,28,0,16081,2024-04-01
2024-03-20,792,100,850,2,130,310,34,28,0,16081,2024-04-01
2024-03-21,792,100,850,2,130,310,34,28,1,16081,2024-04-01
2024-03-22,792,100,850,2,130,310,34,28,0,16081,2024-04-01
2024-03-23,792,100,850,2,130,310,34,28,0,16081,2024-04-01
2024-03-24,792,100,850,2,130,310,34,28,0,16081,2024-04-01
2024-03-25,792,100,850,2,130,310,34,28,0,16081,2024-04-01
2024-03-26,795,98,854,1,130,311,34,28,0,16084,2024-04-08
2024-03-27,795,98,854,1,130,311,34,28,0,16084,2024-04-08
2024-03-28,795,98,854,1,130,311,34,28,0,16084,2024-04-08
2024-03-29,795,98,854,1,130,311,34,28,0,16084,2024-04-08
2024-03-30,795,98,854,1,130,311,34,28,0,16084,2024-04-08
2024-03-31,795,98,854,1,130,311,34,28,0,16084,2024-04-08
2024-04-01,795,98,854,1,130,311,34,28,0,16084,2024-04-08
2024-04-02,800,94,857,2,130,312,34,28,0,16092,2024-04-15
2024-04-03,800,94,857,2,130,312,34,28,0,16092,2024-04-15
2024-04-04,800,94,857,2,130,312,34,28,3,16092,2024-04-15
2024-04-05,800,94,857,2,130,312,34,28,0,16092,2024-04-15
2024-04-06,800,94,857,2,130,312,34,28,0,16092,2024-04-15
2024-04-07,800,94,857,2,130,312,34,28,1,16092,2024-04-15
2024-04-08,800,94,857,2,130,312,34,28,4,16092,2024-04-15
2024-04-09,805,90,863,1,130,312,34,28,1,16109,2024-04-22
2024-04-10,805,90,863,1,130,312,34,28,1,16109,2024-04-22
2024-04-11,805,90,863,1,130,312,34,28,0,16109,2024-04-22
2024-04-12,805,90,863,1,130,312,34,28,1,16109,2024-04-22
2024-04-13,805,90,863,1,130,312,34,28,0,16109,2024-04-22
2024-04-14,805,90,863,1,130,312,34,28,1,16109,2024-04-22
2024-04-15,805,90,863,1,130,312,34,28,2,16109,2024-04-22
2024-04-16,806,90,864,1,130,313,34,28,5,16111,2024-04-29
2024-04-17,806,90,864,1,130,313,34,28,3,16111,2024-04-29
2024-04-18,806,90,864,1,130,313,34,28,4,16111,2024-04-29
2024-04-19,806,90,864,1,130,313,34,28,2,16111,2024-04-29
2024-04-20,806,90,864,1,130,313,34,28,0,16111,2024-04-29
2024-04-21,806,90,864,1,130,313,34,28,0,16111,2024-04-29
2024-04-22,806,90,864,1,130,313,34,28,0,16111,2024-04-29
2024-04-23,807,90,865,2,130,315,34,28,0,16113,2024-05-06
2024-04-24,807,90,865,2,130,315,34,28,2,16113,2024-05-06
2024-04-25,807,90,865,2,130,315,34,28,0,16113,2024-05-06
2024-04-26,807,90,865,2,130,315,34,28,0,16113,2024-05-06
2024-04-27,807,90,865,2,130,315,34,28,0,16113,2024-05-06
2024-04-28,807,90,865,2,130,315,34,28,0,16113,2024-05-06
2024-04-29,807,90,865,2,130,315,34,28,0,16113,2024-05-06
2024-04-30,808,92,865,3,130,314,34,28,0,16113,2024-05-13
2024-05-01,808,92,865,3,130,314,34,28,0,16113,2024-05-13
2024-05-02,808,92,865,3,130,314,34,28,0,16113,2024-05-13
2024-05-03,808,92,865,3,130,314,34,28,2,16113,2024-05-13
2024-05-04,808,92,865,3,130,314,34,28,0,16113,2024-05-13
2024-05-05,808,92,865,3,130,314,34,28,0,16113,2024-05-13
2024-05-06,808,92,865,3,130,314,34,28,0,16113,2024-05-13
2024-05-07,809,91,866,2,130,314,34,28,0,16114,2024-05-20
2024-05-08,809,91,866,2,130,314,34,28,0,16114,2024-05-20
2024-05-09,809,91,866,2,130,314,34,28,0,16114,2024-05-20
2024-05-10,809,91,866,2,130,314,34,28,0,16114,2024-05-20
2024-05-11,809,91,866,2,130,314,34,28,0,16114,2024-05-20
2024-05-12,809,91,866,2,130,314,34,28,0,16114,2024-05-20
2024-05-13,809,91,866,2,130,314,34,28,1,16114,2024-05-20
2024-05-14,810,93,866,2,131,315,34,28,0,16114,2024-05-27
2024-05-15,810,93,866,2,131,315,34,28,0,16114,2024-05-27
2024-05-16,810,93,866,2,131,315,34,28,0,16114,2024-05-27
2024-05-17,810,93,866,2,131,315,34,28,0,16114,2024-05-27
2024-05-18,810,93,866,2,131,315,34,28,0,16114,2024-05-27
2024-05-19,810,93,866,2,131,315,34,28,0,16114,2024-05-27
2024-05-20,810,93,866,2,131,315,34,28,0,16114,2024-05-27
2024-05-21,812,93,869,3,131,316,34,28,0,16116,2024-06-03
2024-05-22,812,93,869,3,131,316,34,28,0,16116,2024-06-03
2024-05-23,812,93,869,3,131,316,34,28,0,16116,2024-06-03
2024-05-24,812,93,869,3,131,316,34,28,0,16116,2024-06-03
2024-05-25,812,93,869,3,131,316,34,28,0,16116,2024-06-03
2024-05-26,812,93,869,3,131,316,34,28,0,16116,2024-06-03
2024-05-27,812,93,869,3,131,316,34,28,0,16116,2024-06-03
2024-05-28,813,94,871,2,132,316,34,28,0,16120,2024-06-10
2024-05-29,813,94,871,2,132,316,34,28,2,16120,2024-06-10
2024-05-30,813,94,871,2,132,316,34,28,0,16120,2024-06-10
2024-05-31,813,94,871,2,132,316,34,28,0,16120,2024-06-10
2024-06-01,813,94,871,2,132,316,34,28,0,16120,2024-06-10
2024-06-02,813,94,871,2,132,316,34,28,0,16120,2024-06-10
2024-06-03,813,94,871,2,132,316,34,28,1,16120,2024-06-10
2024-06-04,816,93,876,6,133,316,34,28,2,16125,2024-06-17
2024-06-05,816,93,876,6,133,316,34,28,0,16125,2024-06-17
2024-06-06,816,93,876,6,133,316,34,28,1,16125,2024-06-17
2024-06-07,816,93,876,6,133,316,34,28,0,16125,2024-06-17
2024-06-08,816,93,876,6,133,316,34,28,0,16125,2024-06-17
2024-06-09,816,93,876,6,133,316,34,28,0,16125,2024-06-17
2024-06-10,816,93,876,6,133,316,34,28,1,16125,2024-06-17
2024-06-11,822,87,884,4,134,317,34,28,2,16139,2024-06-24
2024-06-12,822,87,884,4,134,317,34,28,1,16139,2024-06-24
2024-06-13,822,87,884,4,134,317,34,28,3,16139,2024-06-24
2024-06-14,822,87,884,4,134,317,34,28,1,16139,2024-06-24
2024-06-15,822,87,884,4,134,317,34,28,0,16139,2024-06-24
2024-06-16,822,87,884,4,134,317,34,28,0,16139,2024-06-24
2024-06-17,822,87,884,4,134,317,34,28,1,16139,2024-06-24
2024-06-18,824,86,887,2,133,318,34,28,2,16147,2024-07-01
2024-06-19,824,86,887,2,133,318,34,28,7,16147,2024-07-01
2024-06-20,824,86,887,2,133,318,34,28,3,16147,2024-07-01
2024-06-21,824,86,887,2,133,318,34,28,2,16147,2024-07-01
2024-06-22,824,86,887,2,133,318,34,28,0,16147,2024-07-01
2024-06-23,824,86,887,2,133,318,34,28,1,16147,2024-07-01
2024-06-24,824,86,887,2,133,318,34,28,2,16147,2024-07-01
2024-06-25,824,86,887,2,133,318,34,28,0,16147,2024-07-08
2024-06-26,824,86,887,2,133,318,34,28,0,16147,2024-07-08
2024-06-27,824,86,887,2,133,318,34,28,1,16147,2024-07-08
2024-06-28,824,86,887,2,133,318,34,28,0,16147,2024-07-08
2024-06-29,824,86,887,2,133,318,34,28,0,16147,2024-07-08
2024-06-30,824,86,887,2,133,318,34,28,0,16147,2024-07-08
2024-07-01,824,86,887,2,133,318,34,28,0,16147,2024-07-08
2024-07-02,824,87,888,3,133,319,34,28,0,16147,2024-07-15
2024-07-03,824,87,888,3,133,319,34,28,0,16147,2024-07-15
2024-07-04,824,87,888,3,133,319,34,28,0,16147,2024-07-15
2024-07-05,824,87,888,3,133,319,34,28,0,16147,2024-07-15
2024-07-06,824,87,888,3,133,319,34,28,0,16147,2024-07-15
2024-07-07,824,87,888,3,133,319,34,28,0,16147,2024-07-15
2024-07-08,824,87,888,3,133,319,34,28,0,16147,2024-07-15
2024-07-09,826,88,891,6,134,321,34,28,0,16178,2024-07-22
2024-07-10,826,88,891,6,134,321,34,28,0,16178,2024-07-22
2024-07-11,826,88,891,6,134,321,34,28,0,16178,2024-07-22
2024-07-12,826,88,891,6,134,321,34,28,0,16178,2024-07-22
2024-07-13,826,88,891,6,134,321,34,28,0,16178,2024-07-22
2024-07-14,826,88,891,6,134,321,34,28,1,16178,2024-07-22
2024-07-15,826,88,891,6,134,321,34,28,2,16178,2024-07-22
2024-07-16,833,84,897,6,134,323,34,28,0,16203,2024-07-29
2024-07-17,833,84,897,6,134,323,34,28,1,16203,2024-07-29
2024-07-18,833,84,897,6,134,323,34,28,3,16203,2024-07-29
2024-07-19,833,84,897,6,134,323,34,28,3,16203,2024-07-29
2024-07-20,833,84,897,6,134,323,34,28,0,16203,2024-07-29
2024-07-21,833,84,897,6,134,323,34,28,2,16203,2024-07-29
2024-07-22,833,84,897,6,134,323,34,28,6,16203,2024-07-29
2024-07-23,836,84,904,5,134,326,34,28,4,16250,2024-08-05
2024-07-24,836,84,904,5,134,326,34,28,3,16250,2024-08-05
2024-07-25,836,84,904,5,134,326,34,28,7,16250,2024-08-05
2024-07-26,836,84,904,5,134,326,34,28,5,16250,2024-08-05
2024-07-27,836,84,904,5,134,326,34,28,0,16250,2024-08-05
2024-07-28,836,84,904,5,134,326,34,28,1,16250,2024-08-05
2024-07-29,836,84,904,5,134,326,34,28,0,16250,2024-08-05
2024-07-30,844,80,909,5,134,328,34,28,3,16262,2024-08-12
2024-07-31,844,80,909,5,134,328,34,28,2,16262,2024-08-12
2024-08-01,844,80,909,5,134,328,34,28,5,16262,2024-08-12
2024-08-02,844,80,909,5,134,328,34,28,1,16262,2024-08-12
2024-08-03,844,80,909,5,134,328,34,28,0,16262,2024-08-12
2024-08-04,844,80,909,5,134,328,34,28,0,16262,2024-08-12
2024-08-05,844,80,909,5,134,328,34,28,1,16262,2024-08-12
2024-08-06,843,81,912,4,134,331,34,28,3,16264,2024-08-19
2024-08-07,843,81,912,4,134,331,34,28,0,16264,2024-08-19
2024-08-08,843,81,912,4,134,331,34,28,3,16264,2024-08-19
2024-08-09,843,81,912,4,134,331,34,28,2,16264,2024-08-19
2024-08-10,843,81,912,4,134,331,34,28,1,16264,2024-08-19
2024-08-11,843,81,912,4,134,331,34,28,1,16264,2024-08-19
2024-08-12,843,81,912,4,134,331,34,28,0,16264,2024-08-19
2024-08-13,843,81,916,3,134,334,34,28,0,16277,2024-08-26
2024-08-14,843,81,916,3,134,334,34,28,0,16277,2024-08-26
2024-08-15,843,81,916,3,134,334,34,28,6,16277,2024-08-26
2024-08-16,843,81,916,3,134,334,34,28,3,16277,2024-08-26
2024-08-17,843,81,916,3,134,334,34,28,0,16277,2024-08-26
2024-08-18,843,81,916,3,134,334,34,28,0,16277,2024-08-26
2024-08-19,843,81,916,3,134,334,34,28,2,16277,2024-08-26
2024-08-20,843,84,916,3,135,335,34,29,1,16316,2024-09-02
2024-08-21,843,84,916,3,135,335,34,29,0,16316,2024-09-02
2024-08-22,843,84,916,3,135,335,34,29,1,16316,2024-09-02
2024-08-23,843,84,916,3,135,335,34,29,3,16316,2024-09-02
2024-08-24,843,84,916,3,135,335,34,29,0,16316,2024-09-02
2024-08-25,843,84,916,3,135,335,34,29,6,16316,2024-09-02
2024-08-26,843,84,916,3,135,335,34,29,0,16316,2024-09-02
2024-08-27,843,84,918,3,135,336,34,29,0,16320,2024-09-09
2024-08-28,843,84,918,3,135,336,34,29,0,16320,2024-09-09
2024-08-29,843,84,918,3,135,336,34,29,0,16320,2024-09-09
2024-08-30,843,84,918,3,135,336,34,29,0,16320,2024-09-09
2024-08-31,843,84,918,3,135,336,34,29,0,16320,2024-09-09
2024-09-01,843,84,918,3,135,336,34,29,0,16320,2024-09-09
2024-09-02,843,84,918,3,135,336,34,29,0,16320,2024-09-09
2024-09-03,843,84,918,3,135,336,34,29,0,16320,2024-09-16
2024-09-04,843,84,918,3,135,336,34,29,0,16320,2024-09-16
2024-09-05,843,84,918,3,135,336,34,29,2,16320,2024-09-16
2024-09-06,843,84,918,3,135,336,34,29,2,16320,2024-09-16
2024-09-07,843,84,918,3,135,336,34,29,0,16320,2024-09-16
2024-09-08,843,84,918,3,135,336,34,29,0,16320,2024-09-16
2024-09-09,843,84,918,3,135,336,34,29,0,16320,2024-09-16
2024-09-10,844,84,918,4,136,336,34,29,0,16320,2024-09-23
2024-09-11,844,84,918,4,136,336,34,29,0,16320,2024-09-23
2024-09-12,844,84,918,4,136,336,34,29,0,16320,2024-09-23
2024-09-13,844,84,918,4,136,336,34,29,0,16320,2024-09-23
2024-09-14,844,84,918,4,136,336,34,29,0,16320,2024-09-23
2024-09-15,844,84,918,4,136,336,34,29,0,16320,2024-09-23
2024-09-16,844,84,918,4,136,336,34,29,0,16320,2024-09-23
2024-09-17,860,71,919,5,136,337,34,29,0,16323,2024-09-30
2024-09-18,860,71,919,5,136,337,34,29,0,16323,2024-09-30
2024-09-19,860,71,919,5,136,337,34,29,0,16323,2024-09-30
2024-09-20,860,71,919,5,136,337,34,29,1,16323,2024-09-30
2024-09-21,860,71,919,5,136,337,34,29,0,16323,2024-09-30
2024-09-22,860,71,919,5,136,337,34,29,0,16323,2024-09-30
2024-09-23,860,71,919,5,136,337,34,29,2,16323,2024-09-30
2024-09-24,865,67,924,5,138,337,34,29,0,16347,2024-10-07
2024-09-25,865,67,924,5,138,337,34,29,0,16347,2024-10-07
2024-09-26,865,67,924,5,138,337,34,29,3,16347,2024-10-07
2024-09-27,865,67,924,5,138,337,34,29,0,16347,2024-10-07
2024-09-28,865,67,924,5,138,337,34,29,0,16347,2024-10-07
2024-09-29,865,67,924,5,138,337,34,29,0,16347,2024-10-07
2024-09-30,865,67,924,5,138,337,34,29,4,16347,2024-10-07
2024-10-01,869,68,928,6,139,340,34,29,0,16357,2024-10-14
2024-10-02,869,68,928,6,139,340,34,29,6,16357,2024-10-14
2024-10-03,869,68,928,6,139,340,34,29,2,16357,2024-10-14
2024-10-04,869,68,928,6,139,340,34,29,3,16357,2024-10-14
2024-10-05,869,68,928,6,139,340,34,29,0,16357,2024-10-14
2024-10-06,869,68,928,6,139,340,34,29,0,16357,2024-10-14
2024-10-07,869,68,928,6,139,340,34,29,0,16357,2024-10-14
2024-10-08,871,70,930,6,139,340,34,29,0,16365,2024-10-21
2024-10-09,871,70,930,6,139,340,34,29,0,16365,2024-10-21
2024-10-10,871,70,930,6,139,340,34,29,6,16365,2024-10-21
2024-10-11,871,70,930,6,139,340,34,29,3,16365,2024-10-21
2024-10-12,871,70,930,6,139,340,34,29,0,16365,2024-10-21
2024-10-13,871,70,930,6,139,340,34,29,3,16365,2024-10-21
2024-10-14,871,70,930,6,139,340,34,29,0,16365,2024-10-21
2024-10-15,875,69,933,8,138,342,34,29,0,16376,2024-10-28
2024-10-16,875,69,933,8,138,342,34,29,3,16376,2024-10-28
2024-10-17,875,69,933,8,138,342,34,29,1,16376,2024-10-28
2024-10-18,875,69,933,8,138,342,34,29,0,16376,2024-10-28
2024-10-19,875,69,933,8,138,342,34,29,0,16376,2024-10-28
2024-10-20,875,69,933,8,138,342,34,29,0,16376,2024-10-28
2024-10-21,875,69,933,8,138,342,34,29,1,16376,2024-10-28
2024-10-22,880,65,940,9,138,344,34,29,5,16432,2024-11-04
2024-10-23,880,65,940,9,138,344,34,29,5,16432,2024-11-04
2024-10-24,880,65,940,9,138,344,34,29,3,16432,2024-11-04
2024-10-25,880,65,940,9,138,344,34,29,9,16432,2024-11-04
2024-10-26,880,65,940,9,138,344,34,29,0,16432,2024-11-04
2024-10-27,880,65,940,9,138,344,34,29,0,16432,2024-11-04
2024-10-28,880,65,940,9,138,344,34,29,8,16432,2024-11-04
2024-10-29,885,61,944,9,138,344,34,29,3,16462,2024-11-11
2024-10-30,885,61,944,9,138,344,34,29,6,16462,2024-11-11
2024-10-31,885,61,944,9,138,344,34,29,7,16462,2024-11-11
2024-11-01,885,61,944,9,138,344,34,29,6,16462,2024-11-11
2024-11-02,885,61,944,9,138,344,34,29,0,16462,2024-11-11
2024-11-03,885,61,944,9,138,344,34,29,0,16462,2024-11-11
2024-11-04,885,61,944,9,138,344,34,29,4,16462,2024-11-11
2024-11-05,889,60,954,6,139,345,34,29,2,16480,2024-11-18
2024-11-06,889,60,954,6,139,345,34,29,0,16480,2024-11-18
2024-11-07,889,60,954,6,139,345,34,29,2,16480,2024-11-18
2024-11-08,889,60,954,6,139,345,34,29,0,16480,2024-11-18
2024-11-09,889,60,954,6,139,345,34,29,0,16480,2024-11-18
2024-11-10,889,60,954,6,139,345,34,29,0,16480,2024-11-18
2024-11-11,889,60,954,6,139,345,34,29,2,16480,2024-11-18
2024-11-12,889,68,959,7,140,345,34,29,5,16627,2024-11-25
2024-11-13,889,68,959,7,140,345,34,29,5,16627,2024-11-25
2024-11-14,889,68,959,7,140,345,34,29,12,16627,2024-11-25
2024-11-15,889,68,959,7,140,345,34,29,11,16627,2024-11-25
2024-11-16,889,68,959,7,140,345,34,29,0,16627,2024-11-25
2024-11-17,889,68,959,7,140,345,34,29,1,16627,2024-11-25
2024-11-18,889,68,959,7,140,345,34,29,5,16627,2024-11-25
2024-11-19,890,68,960,9,141,346,34,29,6,16629,2024-12-02
2024-11-20,890,68,960,9,141,346,34,29,4,16629,2024-12-02
2024-11-21,890,68,960,9,141,346,34,29,4,16629,2024-12-02
2024-11-22,890,68,960,9,141,346,34,29,0,16629,2024-12-02
2024-11-23,890,68,960,9,141,346,34,29,0,16629,2024-12-02
2024-11-24,890,68,960,9,141,346,34,29,0,16629,2024-12-02
2024-11-25,890,68,960,9,141,346,34,29,0,16629,2024-12-02
2024-11-26,898,73,975,12,142,346,34,29,1,16683,2024-12-09
2024-11-27,898,73,975,12,142,346,34,29,0,16683,2024-12-09
2024-11-28,898,73,975,12,142,346,34,29,1,16683,2024-12-09
2024-11-29,898,73,975,12,142,346,34,29,0,16683,2024-12-09
2024-11-30,898,73,975,12,142,346,34,29,0,16683,2024-12-09
2024-12-01,898,73,975,12,142,346,34,29,0,16683,2024-12-09
2024-12-02,898,73,975,12,142,346,34,29,5,16683,2024-12-09
2024-12-03,905,77,990,5,144,347,34,29,7,16705,2024-12-16
2024-12-04,905,77,990,5,144,347,34,29,11,16705,2024-12-16
2024-12-05,905,77,990,5,144,347,34,29,11,16705,2024-12-16
2024-12-06,905,77,990,5,144,347,34,29,12,16705,2024-12-16
2024-12-07,905,77,990,5,144,347,34,29,3,16705,2024-12-16
2024-12-08,905,77,990,5,144,347,34,29,6,16705,2024-12-16
2024-12-09,905,77,990,5,144,347,34,29,4,16705,2024-12-16
2024-12-10,905,81,992,5,145,347,34,29,4,16705,2024-12-23
2024-12-11,905,81,992,5,145,347,34,29,2,16705,2024-12-23
2024-12-12,905,81,992,5,145,347,34,29,1,16705,2024-12-23
2024-12-13,905,81,992,5,145,347,34,29,5,16705,2024-12-23
2024-12-14,905,81,992,5,145,347,34,29,0,16705,2024-12-23
2024-12-15,905,81,992,5,145,347,34,29,0,16705,2024-12-23
2024-12-16,905,81,992,5,145,347,34,29,0,16705,2024-12-23
2024-12-17,905,81,992,5,146,347,34,29,0,16705,2024-12-30
2024-12-18,905,81,992,5,146,347,34,29,0,16705,2024-12-30
2024-12-19,905,81,992,5,146,347,34,29,0,16705,2024-12-30
2024-12-20,905,81,992,5,146,347,34,29,0,16705,2024-12-30
2024-12-21,905,81,992,5,146,347,34,29,0,16705,2024-12-30
2024-12-22,905,81,992,5,146,347,34,29,0,16705,2024-12-30
2024-12-23,905,81,992,5,146,347,34,29,0,16705,2024-12-30
2024-12-24,905,82,992,6,148,348,34,29,0,16705,2025-01-06
2024-12-25,905,82,992,6,148,348,34,29,0,16705,2025-01-06
2024-12-26,905,82,992,6,148,348,34,29,0,16705,2025-01-06
2024-12-27,905,82,992,6,148,348,34,29,0,16705,2025-01-06
2024-12-28,905,82,992,6,148,348,34,29,0,16705,2025-01-06
2024-12-29,905,82,992,6,148,348,34,29,0,16705,2025-01-06
2024-12-30,905,82,992,6,148,348,34,29,0,16705,2025-01-06
2024-12-31,906,82,992,6,148,348,34,29,0,16705,2025-01-13
2025-01-01,906,82,992,6,148,348,34,29,0,16705,2025-01-13
2025-01-02,906,82,992,6,148,348,34,29,0,16705,2025-01-13
2025-01-03,906,82,992,6,148,348,34,29,0,16705,2025-01-13
2025-01-04,906,82,992,6,148,348,34,29,0,16705,2025-01-13
2025-01-05,906,82,992,6,148,348,34,29,0,16705,2025-01-13
2025-01-06,906,82,992,6,148,348,34,29,0,16705,2025-01-13
2025-01-07,907,83,993,6,148,351,35,29,0,16707,2025-01-20
2025-01-08,907,83,993,6,148,351,35,29,0,16707,2025-01-20
2025-01-09,907,83,993,6,148,351,35,29,0,16707,2025-01-20
2025-01-10,907,83,993,6,148,351,35,29,0,16707,2025-01-20
2025-01-11,907,83,993,6,148,351,35,29,0,16707,2025-01-20
2025-01-12,907,83,993,6,148,351,35,29,0,16707,2025-01-20
2025-01-13,907,83,993,6,148,351,35,29,2,16707,2025-01-20
2025-01-14,907,85,993,8,148,352,35,29,0,16707,2025-01-27
2025-01-15,907,85,993,8,148,352,35,29,0,16707,2025-01-27
2025-01-16,907,85,993,8,148,352,35,29,0,16707,2025-01-27
2025-01-17,907,85,993,8,148,352,35,29,0,16707,2025-01-27
2025-01-18,907,85,993,8,148,352,35,29,0,16707,2025-01-27
2025-01-19,907,85,993,8,148,352,35,29,0,16707,2025-01-27
2025-01-20,907,85,993,8,148,352,35,29,0,16707,2025-01-27
2025-01-21,911,81,998,6,148,353,35,29,0,16735,2025-02-03
2025-01-22,911,81,998,6,148,353,35,29,0,16735,2025-02-03
2025-01-23,911,81,998,6,148,353,35,29,0,16735,2025-02-03
2025-01-24,911,81,998,6,148,353,35,29,2,16735,2025-02-03
2025-01-25,911,81,998,6,148,353,35,29,0,16735,2025-02-03
2025-01-26,911,81,998,6,148,353,35,29,0,16735,2025-02-03
2025-01-27,911,81,998,6,148,353,35,29,8,16735,2025-02-03
2025-01-28,912,80,999,8,176,354,35,29,5,16736,2025-02-10
2025-01-29,912,80,999,8,176,354,35,29,2,16736,2025-02-10
2025-01-30,912,80,999,8,176,354,35,29,2,16736,2025-02-10
2025-01-31,912,80,999,8,176,354,35,29,1,16736,2025-02-10
2025-02-01,912,80,999,8,176,354,35,29,0,16736,2025-02-10
2025-02-02,912,80,999,8,176,354,35,29,1,16736,2025-02-10
2025-02-03,912,80,999,8,176,354,35,29,0,16736,2025-02-10
2025-02-04,921,76,1001,8,179,356,35,29,0,16737,2025-02-17
2025-02-05,921,76,1001,8,179,356,35,29,1,16737,2025-02-17
2025-02-06,921,76,1001,8,179,356,35,29,0,16737,2025-02-17
2025-02-07,921,76,1001,8,179,356,35,29,0,16737,2025-02-17
2025-02-08,921,76,1001,8,179,356,35,29,0,16737,2025-02-17
2025-02-09,921,76,1001,8,179,356,35,29,0,16737,2025-02-17
2025-02-10,921,76,1001,8,179,356,35,29,0,16737,2025-02-17
2025-02-11,925,79,1006,6,181,357,35,29,1,16743,2025-02-24
2025-02-12,925,79,1006,6,181,357,35,29,0,16743,2025-02-24
2025-02-13,925,79,1006,6,181,357,35,29,0,16743,2025-02-24
2025-02-14,925,79,1006,6,181,357,35,29,0,16743,2025-02-24
2025-02-15,925,79,1006,6,181,357,35,29,1,16743,2025-02-24
2025-02-16,925,79,1006,6,181,357,35,29,0,16743,2025-02-24
2025-02-17,925,79,1006,6,181,357,35,29,0,16743,2025-02-24
2025-02-18,925,80,1008,6,182,360,35,29,1,16744,2025-03-03
2025-02-19,925,80,1008,6,182,360,35,29,1,16744,2025-03-03
2025-02-20,925,80,1008,6,182,360,35,29,1,16744,2025-03-03
2025-02-21,925,80,1008,6,182,360,35,29,2,16744,2025-03-03
2025-02-22,925,80,1008,6,182,360,35,29,0,16744,2025-03-03
2025-02-23,925,80,1008,6,182,360,35,29,0,16744,2025-03-03
2025-02-24,925,80,1008,6,182,360,35,29,0,16744,2025-03-03
2025-02-25,929,80,1011,6,183,363,34,29,0,16744,2025-03-10
2025-02-26,929,80,1011,6,183,363,34,29,1,16744,2025-03-10
2025-02-27,929,80,1011,6,183,363,34,29,0,16744,2025-03-10
2025-02-28,929,80,1011,6,183,363,34,29,0,16744,2025-03-10
2025-03-01,929,80,1011,6,183,363,34,29,0,16744,2025-03-10
2025-03-02,929,80,1011,6,183,363,34,29,0,16744,2025-03-10
2025-03-03,929,80,1011,6,183,363,34,29,0,16744,2025-03-10
2025-03-04,934,77,1016,5,183,364,34,29,0,16792,2025-03-17
2025-03-05,934,77,1016,5,183,364,34,29,4,16792,2025-03-17
2025-03-06,934,77,1016,5,183,364,34,29,6,16792,2025-03-17
2025-03-07,934,77,1016,5,183,364,34,29,0,16792,2025-03-17
2025-03-08,934,77,1016,5,183,364,34,29,0,16792,2025-03-17
2025-03-09,934,77,1016,5,183,364,34,29,1,16792,2025-03-17
2025-03-10,934,77,1016,5,183,364,34,29,2,16792,2025-03-17
2025-03-11,934,77,1016,5,183,364,34,29,0,16792,2025-03-17
2025-03-12,934,77,1016,5,183,364,34,29,4,16792,2025-03-17
2025-03-13,934,77,1016,5,183,364,34,29,2,16792,2025-03-17
2025-03-14,934,77,1016,5,183,364,34,29,3,16792,2025-03-17
2025-03-15,934,77,1016,5,183,364,34,29,0,16792,2025-03-17
2025-03-16,934,77,1016,5,183,364,34,29,0,16792,2025-03-17
2025-03-17,934,77,1016,5,183,364,34,29,0,16792,2025-03-17
2025-03-25,950,64,1034,3,184,370,34,29,3,16882,2025-04-07
2025-03-26,950,64,1034,3,184,370,34,29,2,16882,2025-04-07
2025-03-27,950,64,1034,3,184,370,34,29,2,16882,2025-04-07
2025-03-28,950,64,1034,3,184,370,34,29,8,16882,2025-04-07
2025-03-29,950,64,1034,3,184,370,34,29,0,16882,2025-04-07
2025-03-30,950,64,1034,3,184,370,34,29,1,16882,2025-04-07
2025-03-31,950,64,1034,3,184,370,34,29,8,16882,2025-04-07
2025-04-01,-942,67,1042,4,184,371,34,29,3,16895,2025-04-14
2025-04-02,-942,67,1042,4,184,371,34,29,6,16895,2025-04-14
2025-04-03,-942,67,1042,4,184,371,34,29,8,16895,2025-04-14
2025-04-04,-942,67,1042,4,184,371,34,29,9,16895,2025-04-14
2025-04-05,-942,67,1042,4,184,371,34,29,0,16895,2025-04-14
2025-04-06,-942,67,1042,4,184,371,34,29,0,16895,2025-04-14
2025-04-07,-942,67,1042,4,184,371,34,29,2,16895,2025-04-14
2025-04-08,-948,67,1048,3,184,374,34,29,0,16906,2025-04-21
2025-04-09,-948,67,1048,3,184,374,34,29,1,16906,2025-04-21
2025-04-10,-948,67,1048,3,184,374,34,29,7,16906,2025-04-21
2025-04-11,-948,67,1048,3,184,374,34,29,5,16906,2025-04-21
2025-04-12,-948,67,1048,3,184,374,34,29,0,16906,2025-04-21
2025-04-13,-948,67,1048,3,184,374,34,29,0,16906,2025-04-21
2025-04-14,-948,67,1048,3,184,374,34,29,0,16906,2025-04-21
2025-04-15,-951,67,1051,4,184,378,35,29,0,16909,2025-04-28
2025-04-16,-951,67,1051,4,184,378,35,29,3,16909,2025-04-28
2025-04-17,-951,67,1051,4,184,378,35,29,5,16909,2025-04-28
2025-04-18,-951,67,1051,4,184,378,35,29,2,16909,2025-04-28
2025-04-19,-951,67,1051,4,184,378,35,29,0,16909,2025-04-28
2025-04-20,-951,67,1051,4,184,378,35,29,0,16909,2025-04-28
2025-04-21,-951,67,1051,4,184,378,35,29,3,16909,2025-04-28
2025-04-22,-952,68,1052,3,184,381,35,29,1,16911,2025-05-05
2025-04-23,-952,68,1052,3,184,381,35,29,0,16911,2025-05-05
2025-04-24,-952,68,1052,3,184,381,35,29,0,16911,2025-05-05
2025-04-25,-952,68,1052,3,184,381,35,29,0,16911,2025-05-05
2025-04-26,-952,68,1052,3,184,381,35,29,0,16911,2025-05-05
2025-04-27,-952,68,1052,3,184,381,35,29,0,16911,2025-05-05
2025-04-28,-952,68,1052,3,184,381,35,29,0,16911,2025-05-05
2025-04-29,-952,70,1052,3,186,383,35,29,0,16911,2025-05-12
2025-04-30,-952,70,1052,3,186,383,35,29,0,16911,2025-05-12
2025-05-01,-952,70,1052,3,186,383,35,29,1,16911,2025-05-12
2025-05-02,-952,70,1052,3,186,383,35,29,0,16911,2025-05-12
2025-05-03,-952,70,1052,3,186,383,35,29,0,16911,2025-05-12
2025-05-04,-952,70,1052,3,186,383,35,29,0,16911,2025-05-12
2025-05-05,-952,70,1052,3,186,383,35,29,0,16911,2025-05-12
2025-05-06,-952,71,1052,3,186,386,35,29,0,16911,2025-05-19
2025-05-07,-952,71,1052,3,186,386,35,29,0,16911,2025-05-19
2025-05-08,-952,71,1052,3,186,386,35,29,0,16911,2025-05-19
2025-05-09,-952,71,1052,3,186,386,35,29,0,16911,2025-05-19
2025-05-10,-952,71,1052,3,186,386,35,29,0,16911,2025-05-19
2025-05-11,-952,71,1052,3,186,386,35,29,0,16911,2025-05-19
2025-05-12,-952,71,1052,3,186,386,35,29,0,16911,2025-05-19
2025-05-13,-952,71,1052,3,187,386,35,29,0,16911,2025-05-26
2025-05-14,-952,71,1052,3,187,386,35,29,0,16911,2025-05-26
2025-05-15,-952,71,1052,3,187,386,35,29,0,16911,2025-05-26
2025-05-16,-952,71,1052,3,187,386,35,29,0,16911,2025-05-26
2025-05-17,-952,71,1052,3,187,386,35,29,0,16911,2025-05-26
2025-05-18,-952,71,1052,3,187,386,35,29,0,16911,2025-05-26
2025-05-19,-952,71,1052,3,187,386,35,29,0,16911,2025-05-26
2025-05-20,-952,71,1052,3,187,388,35,29,0,16911,2025-06-02
2025-05-21,-952,71,1052,3,187,388,35,29,0,16911,2025-06-02
2025-05-22,-952,71,1052,3,187,388,35,29,0,16911,2025-06-02
2025-05-23,-952,71,1052,3,187,388,35,29,0,16911,2025-06-02
2025-05-24,-952,71,1052,3,187,388,35,29,0,16911,2025-06-02
2025-05-25,-952,71,1052,3,187,388,35,29,0,16911,2025-06-02
2025-05-26,-952,71,1052,3,187,388,35,29,0,16911,2025-06-02
2025-05-27,-952,71,1052,3,187,388,35,29,0,16911,2025-06-02
2025-05-28,-952,71,1052,3,187,388,35,29,0,16911,2025-06-02
2025-05-29,-952,71,1052,3,187,388,35,29,0,16911,2025-06-02
2025-05-30,-952,71,1052,3,187,388,35,29,0,16911,2025-06-02
2025-05-31,-952,71,1052,3,187,388,35,29,0,16911,2025-06-02
2025-06-01,-952,71,1052,3,187,388,35,29,0,16911,2025-06-02
2025-06-02,-952,71,1052,3,187,388,35,29,0,16911,2025-06-02
