,clones,clones_unique,views,views_unique,issues_closed,issues_open,pulls_closed,pulls_open,forks,stargazers,subscribers,contributors,commits,total_commits,pypi_daily,pypi_180_cumulative,updated_on
2022-06-28,12.0,1.0,0.0,0.0,9,0,46,1,0,2,3,2,0,724,0,20,2022-07-11
2022-06-29,15.0,1.0,12.0,2.0,9,0,46,1,0,2,3,2,1,724,0,20,2022-07-11
2022-06-30,31.0,1.0,69.0,2.0,9,0,46,1,0,2,3,2,17,724,0,20,2022-07-11
2022-07-01,32.0,1.0,16.0,1.0,9,0,46,1,0,2,3,2,8,724,0,20,2022-07-11
2022-07-02,14.0,1.0,0.0,0.0,9,0,46,1,0,2,3,2,4,724,0,20,2022-07-11
2022-07-03,0.0,0.0,0.0,0.0,9,0,46,1,0,2,3,2,0,724,0,20,2022-07-11
2022-07-04,0.0,0.0,0.0,0.0,9,0,46,1,0,2,3,2,0,724,0,20,2022-07-11
2022-07-05,2.0,1.0,0.0,0.0,9,0,48,0,0,3,3,2,2,742,0,20,2022-07-18
2022-07-06,25.0,1.0,51.0,2.0,9,0,48,0,0,3,3,2,6,742,0,20,2022-07-18
2022-07-07,87.0,12.0,95.0,8.0,9,0,48,0,0,3,3,2,11,742,20,20,2022-07-18
2022-07-08,8.0,4.0,48.0,6.0,9,0,48,0,0,3,3,2,1,742,16,36,2022-07-18
2022-07-09,0.0,0.0,1.0,1.0,9,0,48,0,0,3,3,2,0,742,8,44,2022-07-18
2022-07-10,0.0,0.0,0.0,0.0,9,0,48,0,0,3,3,2,0,742,2,46,2022-07-18
2022-07-11,5.0,2.0,9.0,3.0,9,0,48,0,0,3,3,2,8,742,3,49,2022-07-18
2022-07-12,33.0,4.0,49.0,7.0,9,1,51,2,0,3,3,2,9,795,1,50,2022-07-25
2022-07-13,12.0,3.0,24.0,4.0,9,1,51,2,0,3,3,2,1,795,2,52,2022-07-25
2022-07-14,2.0,1.0,16.0,2.0,9,1,51,2,0,3,3,2,0,795,3,55,2022-07-25
2022-07-15,5.0,3.0,13.0,4.0,9,1,51,2,0,3,3,2,0,795,2,57,2022-07-25
2022-07-16,3.0,2.0,0.0,0.0,9,1,51,2,0,3,3,2,0,795,0,57,2022-07-25
2022-07-17,3.0,2.0,2.0,2.0,9,1,51,2,0,3,3,2,0,795,2,59,2022-07-25
2022-07-18,28.0,2.0,7.0,6.0,9,1,51,2,0,3,3,2,21,795,0,59,2022-07-25
2022-07-19,58.0,3.0,58.0,12.0,10,1,56,1,0,4,3,2,14,860,2,61,2022-08-01
2022-07-20,20.0,2.0,47.0,4.0,10,1,56,1,0,4,3,2,5,860,0,61,2022-08-01
2022-07-21,33.0,4.0,53.0,9.0,10,1,56,1,0,4,3,2,9,860,0,61,2022-08-01
2022-07-22,52.0,4.0,139.0,5.0,10,1,56,1,0,4,3,2,6,860,2,63,2022-08-01
2022-07-23,0.0,0.0,0.0,0.0,10,1,56,1,0,4,3,2,0,860,0,63,2022-08-01
2022-07-24,0.0,0.0,3.0,1.0,10,1,56,1,0,4,3,2,0,860,1,64,2022-08-01
2022-07-25,41.0,3.0,56.0,3.0,10,1,56,1,0,4,3,2,20,860,0,64,2022-08-01
2022-07-26,54.0,7.0,41.0,8.0,10,1,63,0,0,5,3,2,13,903,2,66,2022-08-08
2022-07-27,67.0,3.0,54.0,8.0,10,1,63,0,0,5,3,2,12,903,1,67,2022-08-08
2022-07-28,65.0,3.0,41.0,6.0,10,1,63,0,0,5,3,2,13,903,3,70,2022-08-08
2022-07-29,29.0,4.0,54.0,5.0,10,1,63,0,0,5,3,2,6,903,0,70,2022-08-08
2022-07-30,2.0,2.0,0.0,0.0,10,1,63,0,0,5,3,2,0,903,0,70,2022-08-08
2022-07-31,0.0,0.0,0.0,0.0,10,1,63,0,0,5,3,2,0,903,1,71,2022-08-08
2022-08-01,33.0,3.0,53.0,9.0,10,1,63,0,0,5,3,2,7,903,1,72,2022-08-08
2022-08-02,46.0,3.0,29.0,5.0,10,1,66,1,0,5,3,2,17,910,2,74,2022-08-15
2022-08-03,16.0,5.0,16.0,3.0,10,1,66,1,0,5,3,2,2,910,3,77,2022-08-15
2022-08-04,4.0,3.0,4.0,3.0,10,1,66,1,0,5,3,2,2,910,4,81,2022-08-15
2022-08-05,60.0,2.0,49.0,6.0,10,1,66,1,0,5,3,2,11,910,1,82,2022-08-15
2022-08-06,20.0,4.0,12.0,1.0,10,1,66,1,0,5,3,2,5,910,0,82,2022-08-15
2022-08-07,0.0,0.0,0.0,0.0,10,1,66,1,0,5,3,2,0,910,2,84,2022-08-15
2022-08-08,22.0,3.0,21.0,2.0,10,1,66,1,0,5,3,2,3,910,2,86,2022-08-15
2022-08-09,22.0,4.0,41.0,2.0,10,1,70,0,0,5,3,2,4,952,1,87,2022-08-22
2022-08-10,13.0,2.0,35.0,8.0,10,1,70,0,0,5,3,2,5,952,2,89,2022-08-22
2022-08-11,0.0,0.0,0.0,0.0,10,1,70,0,0,5,3,2,0,952,0,89,2022-08-22
2022-08-12,26.0,2.0,9.0,7.0,10,1,70,0,0,5,3,2,4,952,0,89,2022-08-22
2022-08-13,2.0,2.0,4.0,1.0,10,1,70,0,0,5,3,2,0,952,0,89,2022-08-22
2022-08-14,1.0,1.0,7.0,1.0,10,1,70,0,0,5,3,2,0,952,1,90,2022-08-22
2022-08-15,55.0,5.0,72.0,4.0,10,1,70,0,0,5,3,2,7,952,0,90,2022-08-22
2022-08-16,23.0,4.0,35.0,5.0,10,1,70,2,0,5,3,2,19,953,0,92,2022-08-29
2022-08-17,7.0,3.0,12.0,5.0,10,1,70,2,0,5,3,2,1,953,2,92,2022-08-29
2022-08-18,5.0,1.0,8.0,3.0,10,1,70,2,0,5,3,2,2,953,0,92,2022-08-29
2022-08-19,12.0,2.0,12.0,2.0,10,1,70,2,0,5,3,2,2,953,0,92,2022-08-29
2022-08-20,1.0,1.0,1.0,1.0,10,1,70,2,0,5,3,2,0,953,2,94,2022-08-29
2022-08-21,0.0,0.0,0.0,0.0,10,1,70,2,0,5,3,2,0,953,1,95,2022-08-29
2022-08-22,7.0,3.0,1.0,1.0,10,1,70,2,0,5,3,2,1,953,0,95,2022-08-29
2022-08-23,2.0,1.0,5.0,1.0,10,1,73,1,0,5,3,2,2,976,0,96,2022-09-05
2022-08-24,1.0,1.0,1.0,1.0,10,1,73,1,0,5,3,2,0,976,1,96,2022-09-05
2022-08-25,13.0,3.0,8.0,3.0,10,1,73,1,0,5,3,2,1,976,0,96,2022-09-05
2022-08-26,9.0,1.0,5.0,4.0,10,1,73,1,0,5,3,2,1,976,1,97,2022-09-05
2022-08-27,5.0,1.0,1.0,1.0,10,1,73,1,0,5,3,2,1,976,0,97,2022-09-05
2022-08-28,0.0,0.0,3.0,3.0,10,1,73,1,0,5,3,2,0,976,0,97,2022-09-05
2022-08-29,27.0,3.0,82.0,8.0,10,1,73,1,0,5,3,2,6,976,1,98,2022-09-05
2022-08-30,35.0,6.0,46.0,8.0,11,0,75,1,0,5,3,2,7,997,3,101,2022-09-12
2022-08-31,25.0,4.0,54.0,8.0,11,0,75,1,0,5,3,2,4,997,0,101,2022-09-12
2022-09-01,6.0,1.0,23.0,4.0,11,0,75,1,0,5,3,2,3,997,1,102,2022-09-12
2022-09-02,16.0,1.0,4.0,3.0,11,0,75,1,0,5,3,2,0,997,0,102,2022-09-12
2022-09-03,0.0,0.0,2.0,2.0,11,0,75,1,0,5,3,2,0,997,0,102,2022-09-12
2022-09-04,0.0,0.0,2.0,1.0,11,0,75,1,0,5,3,2,0,997,0,102,2022-09-12
2022-09-05,0.0,0.0,5.0,2.0,11,0,75,1,0,5,3,2,0,997,1,103,2022-09-12
2022-09-06,16.0,1.0,2.0,2.0,12,0,80,1,0,5,3,2,0,1093,0,105,2022-09-19
2022-09-07,41.0,2.0,22.0,2.0,12,0,80,1,0,5,3,2,1,1093,0,105,2022-09-19
2022-09-08,50.0,3.0,27.0,5.0,12,0,80,1,0,5,3,2,5,1093,2,105,2022-09-19
2022-09-09,51.0,3.0,27.0,8.0,12,0,80,1,0,5,3,2,32,1093,0,105,2022-09-19
2022-09-10,34.0,2.0,5.0,2.0,12,0,80,1,0,5,3,2,6,1093,1,106,2022-09-19
2022-09-11,1281.0,3.0,4.0,2.0,12,0,80,1,0,5,3,2,8,1093,0,106,2022-09-19
2022-09-12,31.0,2.0,63.0,8.0,12,0,80,1,0,5,3,2,5,1093,2,108,2022-09-19
2022-09-13,58.0,5.0,80.0,11.0,12,0,82,0,0,6,3,2,14,1128,43,151,2022-09-26
2022-09-14,49.0,3.0,62.0,8.0,12,0,82,0,0,6,3,2,11,1128,12,163,2022-09-26
2022-09-15,54.0,5.0,18.0,3.0,12,0,82,0,0,6,3,2,29,1128,39,202,2022-09-26
2022-09-16,29.0,3.0,26.0,4.0,12,0,82,0,0,6,3,2,5,1128,18,220,2022-09-26
2022-09-17,2.0,2.0,6.0,1.0,12,0,82,0,0,6,3,2,0,1128,5,225,2022-09-26
2022-09-18,2.0,2.0,3.0,1.0,12,0,82,0,0,6,3,2,0,1128,0,225,2022-09-26
2022-09-19,5.0,2.0,18.0,4.0,12,0,82,0,0,6,3,2,1,1128,1,226,2022-09-26
2022-09-20,24.0,1.0,25.0,4.0,12,0,82,1,0,6,3,2,11,1128,2,228,2022-10-03
2022-09-21,29.0,3.0,8.0,4.0,12,0,82,1,0,6,3,2,5,1128,0,228,2022-10-03
2022-09-22,22.0,2.0,18.0,10.0,12,0,82,1,0,6,3,2,3,1128,4,232,2022-10-03
2022-09-23,16.0,3.0,35.0,9.0,12,0,82,1,0,6,3,2,1,1128,4,236,2022-10-03
2022-09-24,13.0,3.0,2.0,2.0,12,0,82,1,0,6,3,2,2,1128,0,236,2022-10-03
2022-09-25,44.0,3.0,3.0,2.0,12,0,82,1,0,6,3,2,10,1128,3,239,2022-10-03
2022-09-26,1.0,1.0,2.0,2.0,12,0,82,1,0,6,3,2,0,1128,3,242,2022-10-03
2022-09-27,3.0,1.0,6.0,4.0,12,0,86,0,0,6,3,2,0,1188,3,245,2022-10-10
2022-09-28,5.0,2.0,3.0,3.0,12,0,86,0,0,6,3,2,1,1188,1,246,2022-10-10
2022-09-29,2.0,1.0,5.0,3.0,12,0,86,0,0,6,3,2,0,1188,0,246,2022-10-10
2022-09-30,8.0,1.0,4.0,4.0,12,0,86,0,0,6,3,2,2,1188,0,246,2022-10-10
2022-10-01,16.0,2.0,3.0,3.0,12,0,86,0,0,6,3,2,3,1188,1,247,2022-10-10
2022-10-02,3.0,2.0,2.0,2.0,12,0,86,0,0,6,3,2,0,1188,0,247,2022-10-10
2022-10-03,38.0,2.0,47.0,11.0,12,0,86,0,0,6,3,2,6,1188,10,257,2022-10-10
2022-10-04,39.0,3.0,56.0,8.0,12,0,89,0,0,7,3,2,33,1212,0,258,2022-10-17
2022-10-05,63.0,4.0,28.0,6.0,12,0,89,0,0,7,3,2,11,1212,1,258,2022-10-17
2022-10-06,12.0,5.0,17.0,4.0,12,0,89,0,0,7,3,2,1,1212,37,295,2022-10-17
2022-10-07,11.0,3.0,7.0,6.0,12,0,89,0,0,7,3,2,4,1212,23,318,2022-10-17
2022-10-08,2.0,1.0,0.0,0.0,12,0,89,0,0,7,3,2,0,1212,2,320,2022-10-17
2022-10-09,1.0,1.0,7.0,4.0,12,0,89,0,0,7,3,2,0,1212,6,326,2022-10-17
2022-10-10,2.0,1.0,4.0,4.0,12,0,89,0,0,7,3,2,1,1212,0,326,2022-10-17
2022-10-11,21.0,3.0,26.0,4.0,12,0,93,0,0,8,3,2,3,1244,1,327,2022-10-24
2022-10-12,47.0,5.0,115.0,11.0,12,0,93,0,0,8,3,2,15,1244,2,329,2022-10-24
2022-10-13,18.0,5.0,32.0,6.0,12,0,93,0,0,8,3,2,6,1244,4,333,2022-10-24
2022-10-14,11.0,5.0,18.0,3.0,12,0,93,0,0,8,3,2,2,1244,1,334,2022-10-24
2022-10-15,8.0,1.0,11.0,5.0,12,0,93,0,0,8,3,2,0,1244,2,336,2022-10-24
2022-10-16,0.0,0.0,1.0,1.0,12,0,93,0,0,8,3,2,0,1244,0,336,2022-10-24
2022-10-17,24.0,2.0,7.0,4.0,12,0,93,0,0,8,3,2,4,1244,3,339,2022-10-24
2022-10-18,12.0,3.0,68.0,11.0,12,0,94,0,0,8,3,2,8,1259,0,343,2022-10-31
2022-10-19,53.0,4.0,93.0,13.0,12,0,94,0,0,8,3,2,12,1259,0,343,2022-10-31
2022-10-20,17.0,5.0,71.0,7.0,12,0,94,0,0,8,3,2,2,1259,4,343,2022-10-31
2022-10-21,1.0,1.0,5.0,4.0,12,0,94,0,0,8,3,2,0,1259,0,343,2022-10-31
2022-10-22,1.0,1.0,1.0,1.0,12,0,94,0,0,8,3,2,0,1259,2,345,2022-10-31
2022-10-23,3.0,2.0,2.0,2.0,12,0,94,0,0,8,3,2,0,1259,2,347,2022-10-31
2022-10-24,23.0,6.0,31.0,5.0,12,0,94,0,0,8,3,2,11,1259,32,379,2022-10-31
2022-10-25,26.0,6.0,17.0,8.0,12,0,95,0,0,9,3,2,4,1278,25,404,2022-11-07
2022-10-26,7.0,3.0,30.0,9.0,12,0,95,0,0,9,3,2,5,1278,10,414,2022-11-07
2022-10-27,0.0,0.0,30.0,5.0,12,0,95,0,0,9,3,2,0,1278,7,421,2022-11-07
2022-10-28,2.0,2.0,54.0,6.0,12,0,95,0,0,9,3,2,1,1278,4,425,2022-11-07
2022-10-29,5.0,3.0,3.0,3.0,12,0,95,0,0,9,3,2,3,1278,0,425,2022-11-07
2022-10-30,1.0,1.0,1.0,1.0,12,0,95,0,0,9,3,2,1,1278,1,426,2022-11-07
2022-10-31,28.0,4.0,35.0,12.0,12,0,95,0,0,9,3,2,7,1278,3,429,2022-11-07
2022-11-01,19.0,2.0,25.0,8.0,12,0,96,1,1,10,3,2,2,1300,1,430,2022-11-14
2022-11-02,8.0,4.0,3.0,3.0,12,0,96,1,1,10,3,2,4,1300,0,430,2022-11-14
2022-11-03,1.0,1.0,6.0,6.0,12,0,96,1,1,10,3,2,0,1300,6,436,2022-11-14
2022-11-04,6.0,2.0,11.0,4.0,12,0,96,1,1,10,3,2,2,1300,0,436,2022-11-14
2022-11-05,5.0,2.0,1.0,1.0,12,0,96,1,1,10,3,2,4,1300,0,436,2022-11-14
2022-11-06,4.0,3.0,1.0,1.0,12,0,96,1,1,10,3,2,2,1300,0,436,2022-11-14
2022-11-07,16.0,3.0,45.0,5.0,12,0,96,1,1,10,3,2,2,1300,0,436,2022-11-14
2022-11-08,5.0,1.0,14.0,2.0,12,0,106,0,0,10,4,3,1,1345,1,437,2022-11-21
2022-11-09,9.0,5.0,22.0,5.0,12,0,106,0,0,10,4,3,1,1345,0,437,2022-11-21
2022-11-10,3.0,1.0,8.0,1.0,12,0,106,0,0,10,4,3,0,1345,0,437,2022-11-21
2022-11-11,23.0,1.0,49.0,9.0,12,0,106,0,0,10,4,3,5,1345,1,438,2022-11-21
2022-11-12,16.0,5.0,5.0,2.0,12,0,106,0,0,10,4,3,1,1345,1,439,2022-11-21
2022-11-13,4.0,1.0,4.0,3.0,12,0,106,0,0,10,4,3,0,1345,0,439,2022-11-21
2022-11-14,37.0,5.0,96.0,5.0,12,0,106,0,0,10,4,3,13,1345,0,439,2022-11-21
2022-11-15,38.0,8.0,157.0,9.0,13,1,109,1,0,10,4,3,5,1360,1,440,2022-11-28
2022-11-16,48.0,8.0,86.0,7.0,13,1,109,1,0,10,4,3,5,1360,28,468,2022-11-28
2022-11-17,28.0,4.0,96.0,9.0,13,1,109,1,0,10,4,3,6,1360,18,486,2022-11-28
2022-11-18,51.0,6.0,249.0,9.0,13,1,109,1,0,10,4,3,10,1360,6,492,2022-11-28
2022-11-19,26.0,6.0,29.0,3.0,13,1,109,1,0,10,4,3,4,1360,2,494,2022-11-28
2022-11-20,0.0,0.0,8.0,3.0,13,1,109,1,0,10,4,3,0,1360,2,496,2022-11-28
2022-11-21,39.0,4.0,88.0,12.0,13,1,109,1,0,10,4,3,4,1360,4,500,2022-11-28
2022-11-22,54.0,6.0,95.0,12.0,13,1,111,0,0,10,4,3,6,1374,0,504,2022-12-05
2022-11-23,43.0,8.0,81.0,6.0,13,1,111,0,0,10,4,3,15,1374,4,504,2022-12-05
2022-11-24,2.0,2.0,3.0,3.0,13,1,111,0,0,10,4,3,0,1374,3,507,2022-12-05
2022-11-25,6.0,2.0,8.0,3.0,13,1,111,0,0,10,4,3,1,1374,8,515,2022-12-05
2022-11-26,0.0,0.0,4.0,2.0,13,1,111,0,0,10,4,3,0,1374,3,518,2022-12-05
2022-11-27,0.0,0.0,1.0,1.0,13,1,111,0,0,10,4,3,0,1374,1,519,2022-12-05
2022-11-28,24.0,4.0,45.0,9.0,13,1,111,0,0,10,4,3,3,1374,0,519,2022-12-05
2022-11-29,3.0,1.0,14.0,4.0,13,1,111,0,0,10,4,3,0,1374,4,523,2022-12-12
2022-11-30,3.0,2.0,13.0,5.0,13,1,111,0,0,10,4,3,0,1374,2,525,2022-12-12
2022-12-01,0.0,0.0,18.0,5.0,13,1,111,0,0,10,4,3,0,1374,3,528,2022-12-12
2022-12-02,11.0,4.0,45.0,2.0,13,1,111,0,0,10,4,3,0,1374,1,529,2022-12-12
2022-12-03,0.0,0.0,6.0,1.0,13,1,111,0,0,10,4,3,0,1374,0,529,2022-12-12
2022-12-04,0.0,0.0,1.0,1.0,13,1,111,0,0,10,4,3,0,1374,0,529,2022-12-12
2022-12-05,1.0,1.0,12.0,2.0,13,1,111,0,0,10,4,3,0,1374,1,530,2022-12-12
2022-12-06,5.0,3.0,11.0,2.0,13,1,112,0,0,10,4,3,2,1494,0,532,2022-12-19
2022-12-07,7.0,3.0,6.0,4.0,13,1,112,0,0,10,4,3,3,1494,0,532,2022-12-19
2022-12-08,8.0,3.0,14.0,2.0,13,1,112,0,0,10,4,3,7,1494,2,532,2022-12-19
2022-12-09,1.0,1.0,15.0,2.0,13,1,112,0,0,10,4,3,1,1494,3,535,2022-12-19
2022-12-10,1.0,1.0,0.0,0.0,13,1,112,0,0,10,4,3,0,1494,0,535,2022-12-19
2022-12-11,0.0,0.0,3.0,2.0,13,1,112,0,0,10,4,3,0,1494,0,535,2022-12-19
2022-12-12,39.0,5.0,186.0,6.0,13,1,112,0,0,10,4,3,5,1494,0,535,2022-12-19
2022-12-13,12.0,3.0,62.0,5.0,14,0,119,0,0,10,4,3,1,1566,0,547,2022-12-26
2022-12-14,42.0,8.0,78.0,4.0,14,0,119,0,0,10,4,3,8,1566,0,547,2022-12-26
2022-12-15,33.0,4.0,127.0,8.0,14,0,119,0,0,10,4,3,5,1566,0,547,2022-12-26
2022-12-16,28.0,5.0,137.0,9.0,14,0,119,0,0,10,4,3,12,1566,12,547,2022-12-26
2022-12-17,0.0,0.0,21.0,2.0,14,0,119,0,0,10,4,3,0,1566,3,550,2022-12-26
2022-12-18,0.0,0.0,3.0,2.0,14,0,119,0,0,10,4,3,0,1566,0,550,2022-12-26
2022-12-19,1.0,1.0,18.0,2.0,14,0,119,0,0,10,4,3,0,1566,1,551,2022-12-26
2022-12-20,12.0,4.0,43.0,5.0,14,0,121,0,0,10,4,3,3,1579,4,555,2023-01-02
2022-12-21,99.0,9.0,101.0,7.0,14,0,121,0,0,10,4,3,17,1579,41,596,2023-01-02
2022-12-22,28.0,3.0,46.0,10.0,14,0,121,0,0,10,4,3,2,1579,30,626,2023-01-02
2022-12-23,121.0,5.0,70.0,6.0,14,0,121,0,0,10,4,3,36,1579,4,630,2023-01-02
2022-12-24,24.0,6.0,1.0,1.0,14,0,121,0,0,10,4,3,3,1579,2,632,2023-01-02
2022-12-25,10.0,5.0,2.0,1.0,14,0,121,0,0,10,4,3,1,1579,1,633,2023-01-02
2022-12-26,0.0,0.0,2.0,2.0,14,0,121,0,0,10,4,3,0,1579,2,635,2023-01-02
2022-12-27,38.0,5.0,42.0,1.0,14,0,122,1,0,11,4,3,11,1581,49,635,2023-01-09
2022-12-28,13.0,3.0,27.0,6.0,14,0,122,1,0,11,4,3,2,1581,8,643,2023-01-09
2022-12-29,2.0,1.0,29.0,4.0,14,0,122,1,0,11,4,3,0,1581,3,646,2023-01-09
2022-12-30,1.0,1.0,47.0,2.0,14,0,122,1,0,11,4,3,0,1581,3,649,2023-01-09
2022-12-31,0.0,0.0,2.0,1.0,14,0,122,1,0,11,4,3,0,1581,0,649,2023-01-09
2023-01-01,1.0,1.0,1.0,1.0,14,0,122,1,0,11,4,3,0,1581,3,652,2023-01-09
2023-01-02,1.0,1.0,2.0,2.0,14,0,122,1,0,11,4,3,0,1581,8,660,2023-01-09
2023-01-03,2.0,1.0,18.0,6.0,14,0,127,0,1,11,4,3,0,1632,0,654,2023-01-16
2023-01-04,7.0,4.0,3.0,2.0,14,0,127,0,1,11,4,3,4,1632,0,654,2023-01-16
2023-01-05,6.0,1.0,31.0,4.0,14,0,127,0,1,11,4,3,2,1632,0,654,2023-01-16
2023-01-06,20.0,3.0,8.0,4.0,14,0,127,0,1,11,4,3,5,1632,4,654,2023-01-16
2023-01-07,33.0,2.0,3.0,2.0,14,0,127,0,1,11,4,3,6,1632,0,654,2023-01-16
2023-01-08,28.0,3.0,19.0,2.0,14,0,127,0,1,11,4,3,4,1632,1,655,2023-01-16
2023-01-09,42.0,5.0,112.0,26.0,14,0,127,0,1,11,4,3,20,1632,3,658,2023-01-16
2023-01-10,22.0,3.0,132.0,13.0,14,0,128,0,1,12,4,3,4,1645,4,657,2023-01-23
2023-01-11,36.0,7.0,105.0,8.0,14,0,128,0,1,12,4,3,7,1645,71,728,2023-01-23
2023-01-12,7.0,4.0,15.0,5.0,14,0,128,0,1,12,4,3,2,1645,18,746,2023-01-23
2023-01-13,5.0,3.0,12.0,4.0,14,0,128,0,1,12,4,3,2,1645,6,752,2023-01-23
2023-01-14,0.0,0.0,0.0,0.0,14,0,128,0,1,12,4,3,0,1645,9,761,2023-01-23
2023-01-15,1.0,1.0,5.0,4.0,14,0,128,0,1,12,4,3,0,1645,0,761,2023-01-23
2023-01-16,2.0,2.0,6.0,3.0,14,0,128,0,1,12,4,3,1,1645,0,761,2023-01-23
2023-01-17,3.0,3.0,10.0,2.0,14,0,128,0,1,12,4,3,0,1645,3,756,2023-01-30
2023-01-18,0.0,0.0,10.0,3.0,14,0,128,0,1,12,4,3,0,1645,0,756,2023-01-30
2023-01-19,19.0,1.0,32.0,3.0,14,0,128,0,1,12,4,3,7,1645,0,756,2023-01-30
2023-01-20,9.0,3.0,11.0,1.0,14,0,128,0,1,12,4,3,1,1645,45,801,2023-01-30
2023-01-21,0.0,0.0,8.0,1.0,14,0,128,0,1,12,4,3,0,1645,17,818,2023-01-30
2023-01-22,0.0,0.0,3.0,1.0,14,0,128,0,1,12,4,3,0,1645,1,819,2023-01-30
2023-01-23,1.0,1.0,18.0,4.0,14,0,128,0,1,12,4,3,0,1645,5,824,2023-01-30
2023-01-24,2.0,2.0,18.0,6.0,14,0,128,0,1,12,4,3,0,1645,0,813,2023-02-06
2023-01-25,0.0,0.0,3.0,2.0,14,0,128,0,1,12,4,3,0,1645,3,813,2023-02-06
2023-01-26,1.0,1.0,8.0,7.0,14,0,128,0,1,12,4,3,0,1645,9,822,2023-02-06
2023-01-27,0.0,0.0,8.0,3.0,14,0,128,0,1,12,4,3,0,1645,5,827,2023-02-06
2023-01-28,0.0,0.0,1.0,1.0,14,0,128,0,1,12,4,3,0,1645,5,832,2023-02-06
2023-01-29,1.0,1.0,25.0,3.0,14,0,128,0,1,12,4,3,0,1645,0,832,2023-02-06
2023-01-30,0.0,0.0,7.0,7.0,14,0,128,0,1,12,4,3,0,1645,11,843,2023-02-06
2023-01-31,0.0,0.0,7.0,4.0,14,0,128,0,1,12,4,3,0,1645,5,844,2023-02-13
2023-02-01,1.0,1.0,1.0,1.0,14,0,128,0,1,12,4,3,0,1645,1,845,2023-02-13
2023-02-02,1.0,1.0,2.0,1.0,14,0,128,0,1,12,4,3,0,1645,0,845,2023-02-13
2023-02-03,0.0,0.0,3.0,3.0,14,0,128,0,1,12,4,3,0,1645,0,845,2023-02-13
2023-02-04,0.0,0.0,0.0,0.0,14,0,128,0,1,12,4,3,0,1645,6,851,2023-02-13
2023-02-05,0.0,0.0,1.0,1.0,14,0,128,0,1,12,4,3,0,1645,0,851,2023-02-13
2023-02-06,0.0,0.0,11.0,5.0,14,0,128,0,1,12,4,3,0,1645,1,852,2023-02-13
2023-02-07,0.0,0.0,4.0,2.0,14,0,128,0,1,12,4,3,0,1645,5,852,2023-02-20
2023-02-08,0.0,0.0,8.0,3.0,14,0,128,0,1,12,4,3,0,1645,0,852,2023-02-20
2023-02-09,1.0,1.0,31.0,4.0,14,0,128,0,1,12,4,3,0,1645,2,854,2023-02-20
2023-02-10,0.0,0.0,13.0,6.0,14,0,128,0,1,12,4,3,0,1645,0,854,2023-02-20
2023-02-11,1.0,1.0,1.0,1.0,14,0,128,0,1,12,4,3,0,1645,2,856,2023-02-20
2023-02-12,0.0,0.0,1.0,1.0,14,0,128,0,1,12,4,3,0,1645,2,858,2023-02-20
2023-02-13,2.0,1.0,1.0,1.0,14,0,128,0,1,12,4,3,0,1645,3,861,2023-02-20
2023-02-14,0.0,0.0,4.0,4.0,14,0,128,0,1,12,4,3,0,1645,3,861,2023-02-27
2023-02-15,1.0,1.0,3.0,2.0,14,0,128,0,1,12,4,3,0,1645,5,866,2023-02-27
2023-02-16,0.0,0.0,0.0,0.0,14,0,128,0,1,12,4,3,0,1645,0,866,2023-02-27
2023-02-17,0.0,0.0,6.0,4.0,14,0,128,0,1,12,4,3,0,1645,1,867,2023-02-27
2023-02-18,2.0,1.0,1.0,1.0,14,0,128,0,1,12,4,3,0,1645,0,867,2023-02-27
2023-02-19,1.0,1.0,0.0,0.0,14,0,128,0,1,12,4,3,0,1645,5,872,2023-02-27
2023-02-20,0.0,0.0,1.0,1.0,14,0,128,0,1,12,4,3,0,1645,20,892,2023-02-27
2023-02-21,0.0,0.0,5.0,3.0,14,0,128,0,1,11,4,3,0,1645,0,892,2023-03-06
2023-02-22,0.0,0.0,16.0,4.0,14,0,128,0,1,11,4,3,0,1645,0,892,2023-03-06
2023-02-23,0.0,0.0,47.0,6.0,14,0,128,0,1,11,4,3,0,1645,5,892,2023-03-06
2023-02-24,2.0,2.0,4.0,4.0,14,0,128,0,1,11,4,3,0,1645,1,893,2023-03-06
2023-02-25,0.0,0.0,27.0,1.0,14,0,128,0,1,11,4,3,0,1645,4,897,2023-03-06
2023-02-26,2.0,2.0,11.0,1.0,14,0,128,0,1,11,4,3,0,1645,1,898,2023-03-06
2023-02-27,1.0,1.0,25.0,3.0,14,0,128,0,1,11,4,3,0,1645,3,901,2023-03-06
2023-02-28,0.0,0.0,17.0,1.0,14,0,128,1,1,12,6,3,0,1645,38,934,2023-03-13
2023-03-01,1.0,1.0,9.0,1.0,14,0,128,1,1,12,6,3,0,1645,2,936,2023-03-13
2023-03-02,3.0,2.0,17.0,6.0,14,0,128,1,1,12,6,3,0,1645,0,936,2023-03-13
2023-03-03,0.0,0.0,2.0,2.0,14,0,128,1,1,12,6,3,0,1645,0,936,2023-03-13
2023-03-04,1.0,1.0,11.0,1.0,14,0,128,1,1,12,6,3,0,1645,0,936,2023-03-13
2023-03-05,0.0,0.0,4.0,3.0,14,0,128,1,1,12,6,3,0,1645,1,937,2023-03-13
2023-03-06,0.0,0.0,5.0,3.0,14,0,128,1,1,12,6,3,0,1645,0,937,2023-03-13
2023-03-07,1.0,1.0,38.0,5.0,14,0,128,1,1,12,6,3,0,1645,1,820,2023-03-20
2023-03-08,0.0,0.0,4.0,3.0,14,0,128,1,1,12,6,3,0,1645,0,820,2023-03-20
2023-03-09,3.0,2.0,5.0,4.0,14,0,128,1,1,12,6,3,0,1645,11,831,2023-03-20
2023-03-10,9.0,5.0,45.0,7.0,14,0,128,1,1,12,6,3,0,1645,0,831,2023-03-20
2023-03-11,0.0,0.0,14.0,5.0,14,0,128,1,1,12,6,3,0,1645,0,831,2023-03-20
2023-03-12,0.0,0.0,6.0,5.0,14,0,128,1,1,12,6,3,0,1645,1,832,2023-03-20
2023-03-13,1.0,1.0,20.0,2.0,14,0,128,1,1,12,6,3,0,1645,8,840,2023-03-20
2023-03-14,0.0,0.0,1.0,1.0,14,0,129,1,2,12,7,3,0,1647,13,837,2023-03-27
2023-03-15,0.0,0.0,4.0,3.0,14,0,129,1,2,12,7,3,0,1647,0,837,2023-03-27
2023-03-16,0.0,0.0,1.0,1.0,14,0,129,1,2,12,7,3,0,1647,0,837,2023-03-27
2023-03-17,2.0,2.0,7.0,5.0,14,0,129,1,2,12,7,3,0,1647,0,837,2023-03-27
2023-03-18,0.0,0.0,1.0,1.0,14,0,129,1,2,12,7,3,0,1647,9,846,2023-03-27
2023-03-19,0.0,0.0,13.0,3.0,14,0,129,1,2,12,7,3,0,1647,0,846,2023-03-27
2023-03-20,8.0,4.0,30.0,4.0,14,0,129,1,2,12,7,3,1,1647,0,846,2023-03-27
2023-03-21,6.0,4.0,24.0,6.0,14,0,130,1,2,12,7,3,0,1652,0,833,2023-04-03
2023-03-22,11.0,5.0,11.0,3.0,14,0,130,1,2,12,7,3,3,1652,0,833,2023-04-03
2023-03-23,18.0,3.0,34.0,4.0,14,0,130,1,2,12,7,3,0,1652,2,833,2023-04-03
2023-03-24,0.0,0.0,2.0,2.0,14,0,130,1,2,12,7,3,0,1652,0,833,2023-04-03
2023-03-25,0.0,0.0,4.0,1.0,14,0,130,1,2,12,7,3,0,1652,1,834,2023-04-03
2023-03-26,0.0,0.0,0.0,0.0,14,0,130,1,2,12,7,3,0,1652,1,835,2023-04-03
2023-03-27,7.0,3.0,42.0,5.0,14,0,130,1,2,12,7,3,0,1652,0,835,2023-04-03
2023-03-28,3.0,2.0,21.0,5.0,14,0,131,1,2,13,7,3,0,1663,0,767,2023-04-10
2023-03-29,0.0,0.0,12.0,8.0,14,0,131,1,2,13,7,3,0,1663,0,767,2023-04-10
2023-03-30,5.0,3.0,3.0,3.0,14,0,131,1,2,13,7,3,0,1663,0,767,2023-04-10
2023-03-31,26.0,3.0,15.0,7.0,14,0,131,1,2,13,7,3,2,1663,0,767,2023-04-10
2023-04-01,1.0,1.0,4.0,2.0,14,0,131,1,2,13,7,3,0,1663,0,767,2023-04-10
2023-04-02,1.0,1.0,1.0,1.0,14,0,131,1,2,13,7,3,0,1663,1,767,2023-04-10
2023-04-03,1.0,1.0,5.0,4.0,14,0,131,1,2,13,7,3,0,1663,0,767,2023-04-10
2023-04-04,3.0,3.0,3.0,2.0,14,0,133,0,2,13,7,3,0,1691,0,755,2023-04-17
2023-04-05,2.0,2.0,1.0,1.0,14,0,133,0,2,13,7,3,0,1691,1,755,2023-04-17
2023-04-06,73.0,1.0,32.0,8.0,14,0,133,0,2,13,7,3,9,1691,0,755,2023-04-17
2023-04-07,22.0,5.0,42.0,7.0,14,0,133,0,2,13,7,3,5,1691,4,759,2023-04-17
2023-04-08,0.0,0.0,1.0,1.0,14,0,133,0,2,13,7,3,0,1691,0,759,2023-04-17
2023-04-09,0.0,0.0,0.0,0.0,14,0,133,0,2,13,7,3,0,1691,1,760,2023-04-17
2023-04-10,30.0,4.0,52.0,5.0,14,0,133,0,2,13,7,3,7,1691,0,760,2023-04-17
2023-04-11,2.0,2.0,1.0,1.0,14,0,133,0,2,14,7,3,0,1693,8,728,2023-04-24
2023-04-12,21.0,4.0,9.0,2.0,14,0,133,0,2,14,7,3,1,1693,20,748,2023-04-24
2023-04-13,74.0,10.0,24.0,4.0,14,0,133,0,2,14,7,3,6,1693,47,795,2023-04-24
2023-04-14,0.0,0.0,11.0,4.0,14,0,133,0,2,14,7,3,0,1693,27,822,2023-04-24
2023-04-15,1.0,1.0,2.0,2.0,14,0,133,0,2,14,7,3,0,1693,1,823,2023-04-24
2023-04-16,0.0,0.0,2.0,1.0,14,0,133,0,2,14,7,3,0,1693,1,824,2023-04-24
2023-04-17,2.0,1.0,0.0,0.0,14,0,133,0,2,14,7,3,0,1693,0,824,2023-04-24
2023-04-18,4.0,3.0,14.0,5.0,14,0,133,0,2,14,7,3,0,1693,2,776,2023-05-01
2023-04-19,0.0,0.0,15.0,6.0,14,0,133,0,2,14,7,3,0,1693,1,777,2023-05-01
2023-04-20,0.0,0.0,22.0,5.0,14,0,133,0,2,14,7,3,0,1693,2,779,2023-05-01
2023-04-21,42.0,5.0,29.0,9.0,14,0,133,0,2,14,7,3,2,1693,2,781,2023-05-01
2023-04-22,2.0,2.0,17.0,3.0,14,0,133,0,2,14,7,3,0,1693,0,781,2023-05-01
2023-04-23,0.0,0.0,0.0,0.0,14,0,133,0,2,14,7,3,0,1693,0,781,2023-05-01
2023-04-24,2.0,2.0,13.0,2.0,14,0,133,0,2,14,7,3,0,1693,1,782,2023-05-01
2023-04-25,0.0,0.0,5.0,2.0,14,0,133,1,2,14,7,3,0,1693,0,777,2023-05-08
2023-04-26,1.0,1.0,24.0,6.0,14,0,133,1,2,14,7,3,0,1693,0,777,2023-05-08
2023-04-27,0.0,0.0,20.0,3.0,14,0,133,1,2,14,7,3,0,1693,0,777,2023-05-08
2023-04-28,0.0,0.0,8.0,6.0,14,0,133,1,2,14,7,3,0,1693,0,777,2023-05-08
2023-04-29,0.0,0.0,7.0,2.0,14,0,133,1,2,14,7,3,0,1693,2,777,2023-05-08
2023-04-30,0.0,0.0,2.0,1.0,14,0,133,1,2,14,7,3,0,1693,2,779,2023-05-08
2023-05-01,0.0,0.0,2.0,2.0,14,0,133,1,2,14,7,3,0,1693,1,780,2023-05-08
2023-05-02,1.0,1.0,19.0,5.0,14,0,134,1,2,14,7,3,0,1700,1,778,2023-05-15
2023-05-03,0.0,0.0,14.0,4.0,14,0,134,1,2,14,7,3,0,1700,0,778,2023-05-15
2023-05-04,12.0,1.0,3.0,2.0,14,0,134,1,2,14,7,3,1,1700,0,778,2023-05-15
2023-05-05,5.0,1.0,14.0,3.0,14,0,134,1,2,14,7,3,1,1700,1,779,2023-05-15
2023-05-06,6.0,2.0,6.0,4.0,14,0,134,1,2,14,7,3,1,1700,0,779,2023-05-15
2023-05-07,0.0,0.0,0.0,0.0,14,0,134,1,2,14,7,3,0,1700,2,781,2023-05-15
2023-05-08,2.0,2.0,98.0,8.0,14,0,134,1,2,14,7,3,0,1700,0,781,2023-05-15
2023-05-09,0.0,0.0,27.0,7.0,14,0,134,2,3,15,7,3,0,1700,0,722,2023-05-22
2023-05-10,5.0,1.0,75.0,4.0,14,0,134,2,3,15,7,3,1,1700,0,722,2023-05-22
2023-05-11,22.0,3.0,24.0,5.0,14,0,134,2,3,15,7,3,0,1700,2,722,2023-05-22
2023-05-12,61.0,7.0,114.0,5.0,14,0,134,2,3,15,7,3,2,1700,1,723,2023-05-22
2023-05-13,4.0,1.0,6.0,5.0,14,0,134,2,3,15,7,3,0,1700,1,724,2023-05-22
2023-05-14,3.0,3.0,13.0,6.0,14,0,134,2,3,15,7,3,0,1700,2,726,2023-05-22
2023-05-15,4.0,4.0,6.0,5.0,14,0,134,2,3,15,7,3,0,1700,4,730,2023-05-22
2023-05-16,3.0,3.0,62.0,13.0,14,0,135,1,3,16,7,3,0,1703,13,724,2023-05-29
2023-05-17,11.0,3.0,102.0,7.0,14,0,135,1,3,16,7,3,0,1703,12,736,2023-05-29
2023-05-18,6.0,2.0,10.0,4.0,14,0,135,1,3,16,7,3,0,1703,12,748,2023-05-29
2023-05-19,2.0,2.0,13.0,4.0,14,0,135,1,3,16,7,3,0,1703,0,748,2023-05-29
2023-05-20,2.0,1.0,4.0,2.0,14,0,135,1,3,16,7,3,0,1703,0,748,2023-05-29
2023-05-21,2.0,1.0,2.0,1.0,14,0,135,1,3,16,7,3,0,1703,0,748,2023-05-29
2023-05-22,6.0,2.0,24.0,5.0,14,0,135,1,3,16,7,3,1,1703,11,759,2023-05-29
2023-05-23,22.0,4.0,32.0,9.0,14,0,135,2,3,16,7,3,1,1703,11,759,2023-06-05
2023-05-24,0.0,0.0,8.0,5.0,14,0,135,2,3,16,7,3,0,1703,0,759,2023-06-05
2023-05-25,0.0,0.0,4.0,2.0,14,0,135,2,3,16,7,3,0,1703,0,759,2023-06-05
2023-05-26,0.0,0.0,9.0,5.0,14,0,135,2,3,16,7,3,0,1703,1,760,2023-06-05
2023-05-27,0.0,0.0,2.0,1.0,14,0,135,2,3,16,7,3,0,1703,0,760,2023-06-05
2023-05-28,0.0,0.0,1.0,1.0,14,0,135,2,3,16,7,3,0,1703,0,760,2023-06-05
2023-05-29,3.0,2.0,8.0,2.0,14,0,135,2,3,16,7,3,0,1703,2,762,2023-06-05
2023-05-30,0.0,0.0,22.0,7.0,14,0,136,1,3,16,7,3,0,1707,0,760,2023-06-12
2023-05-31,1.0,1.0,31.0,4.0,14,0,136,1,3,16,7,3,0,1707,0,760,2023-06-12
2023-06-01,24.0,1.0,9.0,4.0,14,0,136,1,3,16,7,3,1,1707,3,760,2023-06-12
2023-06-02,11.0,1.0,6.0,3.0,14,0,136,1,3,16,7,3,0,1707,0,760,2023-06-12
2023-06-03,1.0,1.0,2.0,1.0,14,0,136,1,3,16,7,3,0,1707,0,760,2023-06-12
2023-06-04,0.0,0.0,0.0,0.0,14,0,136,1,3,16,7,3,0,1707,22,782,2023-06-12
2023-06-05,21.0,3.0,31.0,7.0,14,0,136,1,3,16,7,3,2,1707,2,784,2023-06-12
2023-06-06,9.0,4.0,23.0,6.0,14,0,136,1,3,17,7,3,0,1707,1,769,2023-06-19
2023-06-07,0.0,0.0,8.0,6.0,14,0,136,1,3,17,7,3,0,1707,0,769,2023-06-19
2023-06-08,1.0,1.0,50.0,7.0,14,0,136,1,3,17,7,3,0,1707,1,770,2023-06-19
2023-06-09,0.0,0.0,29.0,2.0,14,0,136,1,3,17,7,3,0,1707,1,771,2023-06-19
2023-06-10,0.0,0.0,8.0,1.0,14,0,136,1,3,17,7,3,0,1707,7,778,2023-06-19
2023-06-11,0.0,0.0,2.0,1.0,14,0,136,1,3,17,7,3,0,1707,6,784,2023-06-19
2023-06-12,2.0,2.0,3.0,2.0,14,0,136,1,3,17,7,3,0,1707,2,786,2023-06-19
2023-06-13,0.0,0.0,60.0,5.0,14,0,136,1,3,17,8,3,0,1708,1,703,2023-06-26
2023-06-14,0.0,0.0,12.0,7.0,14,0,136,1,3,17,8,3,0,1708,0,703,2023-06-26
2023-06-15,1.0,1.0,7.0,5.0,14,0,136,1,3,17,8,3,0,1708,12,715,2023-06-26
2023-06-16,2.0,1.0,26.0,7.0,14,0,136,1,3,17,8,3,0,1708,4,719,2023-06-26
2023-06-17,0.0,0.0,1.0,1.0,14,0,136,1,3,17,8,3,0,1708,1,720,2023-06-26
2023-06-18,0.0,0.0,8.0,4.0,14,0,136,1,3,17,8,3,0,1708,11,731,2023-06-26
2023-06-19,0.0,0.0,2.0,2.0,14,0,136,1,3,17,8,3,0,1708,21,752,2023-06-26
2023-06-20,0.0,0.0,65.0,5.0,14,0,136,1,3,17,8,3,0,1708,3,681,2023-07-03
2023-06-21,9.0,4.0,136.0,11.0,14,0,136,1,3,17,8,3,1,1708,2,683,2023-07-03
2023-06-22,2.0,1.0,39.0,6.0,14,0,136,1,3,17,8,3,0,1708,0,683,2023-07-03
2023-06-23,1.0,1.0,35.0,11.0,14,0,136,1,3,17,8,3,0,1708,1,684,2023-07-03
2023-06-24,0.0,0.0,0.0,0.0,14,0,136,1,3,17,8,3,0,1708,0,684,2023-07-03
2023-06-25,1.0,1.0,0.0,0.0,14,0,136,1,3,17,8,3,0,1708,0,684,2023-07-03
2023-06-26,2.0,2.0,16.0,7.0,14,0,136,1,3,17,8,3,0,1708,0,684,2023-07-03
2023-06-27,0.0,0.0,7.0,2.0,14,1,137,1,3,17,8,3,0,1712,1,677,2023-07-10
2023-06-28,3.0,2.0,6.0,2.0,14,1,137,1,3,17,8,3,0,1712,0,677,2023-07-10
2023-06-29,2.0,1.0,25.0,2.0,14,1,137,1,3,17,8,3,0,1712,1,678,2023-07-10
2023-06-30,3.0,2.0,38.0,6.0,14,1,137,1,3,17,8,3,1,1712,1,679,2023-07-10
2023-07-01,0.0,0.0,0.0,0.0,14,1,137,1,3,17,8,3,0,1712,1,680,2023-07-10
2023-07-02,0.0,0.0,0.0,0.0,14,1,137,1,3,17,8,3,0,1712,4,684,2023-07-10
2023-07-03,4.0,3.0,126.0,3.0,14,1,137,1,3,17,8,3,0,1712,0,684,2023-07-10
2023-07-04,0.0,0.0,3.0,1.0,14,3,137,2,3,17,8,3,0,1712,1,577,2023-07-17
2023-07-05,15.0,1.0,9.0,3.0,14,3,137,2,3,17,8,3,1,1712,0,577,2023-07-17
2023-07-06,1.0,1.0,8.0,6.0,14,3,137,2,3,17,8,3,0,1712,0,577,2023-07-17
2023-07-07,22.0,5.0,92.0,6.0,14,3,137,2,3,17,8,3,2,1712,0,577,2023-07-17
2023-07-08,6.0,2.0,36.0,1.0,14,3,137,2,3,17,8,3,0,1712,0,577,2023-07-17
2023-07-09,2.0,1.0,0.0,0.0,14,3,137,2,3,17,8,3,0,1712,0,577,2023-07-17
2023-07-10,2.0,2.0,13.0,4.0,14,3,137,2,3,17,8,3,0,1712,16,593,2023-07-17
2023-07-11,3.0,2.0,16.0,3.0,15,2,139,1,3,17,8,3,0,1729,1,523,2023-07-24
2023-07-12,3.0,1.0,18.0,8.0,15,2,139,1,3,17,8,3,0,1729,1,524,2023-07-24
2023-07-13,2.0,2.0,48.0,6.0,15,2,139,1,3,17,8,3,0,1729,8,532,2023-07-24
2023-07-14,36.0,1.0,16.0,4.0,15,2,139,1,3,17,8,3,0,1729,0,532,2023-07-24
2023-07-15,0.0,0.0,4.0,2.0,15,2,139,1,3,17,8,3,0,1729,4,536,2023-07-24
2023-07-16,8.0,3.0,159.0,2.0,15,2,139,1,3,17,8,3,0,1729,0,536,2023-07-24
2023-07-17,13.0,3.0,17.0,7.0,15,2,139,1,3,17,8,3,1,1729,0,536,2023-07-24
2023-07-18,8.0,4.0,77.0,5.0,15,5,139,2,3,18,8,3,3,1729,1,504,2023-07-31
2023-07-19,12.0,4.0,57.0,9.0,15,5,139,2,3,18,8,3,1,1729,1,505,2023-07-31
2023-07-20,0.0,0.0,27.0,6.0,15,5,139,2,3,18,8,3,0,1729,1,506,2023-07-31
2023-07-21,6.0,3.0,76.0,6.0,15,5,139,2,3,18,8,3,1,1729,3,509,2023-07-31
2023-07-22,3.0,2.0,5.0,3.0,15,5,139,2,3,18,8,3,0,1729,8,517,2023-07-31
2023-07-23,0.0,0.0,36.0,3.0,15,5,139,2,3,18,8,3,0,1729,0,517,2023-07-31
2023-07-24,3.0,3.0,6.0,3.0,15,5,139,2,3,18,8,3,0,1729,2,519,2023-07-31
2023-07-25,1.0,1.0,33.0,5.0,15,5,139,2,3,18,8,3,0,1729,5,511,2023-08-07
2023-07-26,0.0,0.0,16.0,4.0,15,5,139,2,3,18,8,3,0,1729,1,512,2023-08-07
2023-07-27,15.0,1.0,78.0,6.0,15,5,139,2,3,18,8,3,0,1729,5,517,2023-08-07
2023-07-28,13.0,3.0,38.0,5.0,15,5,139,2,3,18,8,3,0,1729,0,517,2023-08-07
2023-07-29,0.0,0.0,8.0,4.0,15,5,139,2,3,18,8,3,0,1729,0,517,2023-08-07
2023-07-30,14.0,1.0,19.0,6.0,15,5,139,2,3,18,8,3,0,1729,3,520,2023-08-07
2023-07-31,23.0,3.0,108.0,8.0,15,5,139,2,3,18,8,3,0,1729,0,520,2023-08-07
2023-08-01,24.0,1.0,46.0,8.0,15,5,140,1,3,19,8,3,0,1730,2,508,2023-08-14
2023-08-02,11.0,2.0,42.0,5.0,15,5,140,1,3,19,8,3,0,1730,1,509,2023-08-14
2023-08-03,15.0,1.0,72.0,5.0,15,5,140,1,3,19,8,3,0,1730,0,509,2023-08-14
2023-08-04,6.0,2.0,75.0,3.0,15,5,140,1,3,19,8,3,0,1730,1,510,2023-08-14
2023-08-05,3.0,3.0,1.0,1.0,15,5,140,1,3,19,8,3,0,1730,22,532,2023-08-14
2023-08-06,1.0,1.0,0.0,0.0,15,5,140,1,3,19,8,3,0,1730,0,532,2023-08-14
2023-08-07,22.0,3.0,12.0,4.0,15,5,140,1,3,19,8,3,0,1730,0,532,2023-08-14
2023-08-08,34.0,4.0,51.0,9.0,17,3,141,0,3,20,8,3,3,1757,1,499,2023-08-21
2023-08-09,11.0,3.0,93.0,6.0,17,3,141,0,3,20,8,3,1,1757,0,499,2023-08-21
2023-08-10,9.0,4.0,156.0,16.0,17,3,141,0,3,20,8,3,0,1757,0,499,2023-08-21
2023-08-11,22.0,5.0,78.0,11.0,17,3,141,0,3,20,8,3,2,1757,0,499,2023-08-21
2023-08-12,1.0,1.0,6.0,4.0,17,3,141,0,3,20,8,3,0,1757,22,521,2023-08-21
2023-08-13,1.0,1.0,0.0,0.0,17,3,141,0,3,20,8,3,0,1757,0,521,2023-08-21
2023-08-14,9.0,4.0,50.0,11.0,17,3,141,0,3,20,8,3,1,1757,0,521,2023-08-21
2023-08-15,0.0,0.0,26.0,5.0,17,3,142,1,3,20,8,3,0,1760,1,508,2023-08-28
2023-08-16,1.0,1.0,22.0,9.0,17,3,142,1,3,20,8,3,0,1760,0,508,2023-08-28
2023-08-17,29.0,2.0,28.0,9.0,17,3,142,1,3,20,8,3,2,1760,0,508,2023-08-28
2023-08-18,25.0,3.0,49.0,5.0,17,3,142,1,3,20,8,3,2,1760,1,509,2023-08-28
2023-08-19,8.0,5.0,2.0,1.0,17,3,142,1,3,20,8,3,1,1760,0,509,2023-08-28
2023-08-20,1.0,1.0,14.0,3.0,17,3,142,1,3,20,8,3,0,1760,0,509,2023-08-28
2023-08-21,3.0,3.0,72.0,3.0,17,3,142,1,3,20,8,3,0,1760,1,510,2023-08-28
2023-08-22,1.0,1.0,126.0,7.0,17,3,143,1,3,20,8,3,0,1776,0,470,2023-09-04
2023-08-23,3.0,2.0,219.0,6.0,17,3,143,1,3,20,8,3,0,1776,0,470,2023-09-04
2023-08-24,16.0,2.0,56.0,8.0,17,3,143,1,3,20,8,3,2,1776,1,470,2023-09-04
2023-08-25,37.0,4.0,68.0,11.0,17,3,143,1,3,20,8,3,15,1776,0,470,2023-09-04
2023-08-26,2.0,2.0,37.0,4.0,17,3,143,1,3,20,8,3,0,1776,0,470,2023-09-04
2023-08-27,0.0,0.0,3.0,2.0,17,3,143,1,3,20,8,3,0,1776,0,470,2023-09-04
2023-08-28,16.0,6.0,163.0,15.0,17,3,143,1,3,20,8,3,0,1776,1,471,2023-09-04
2023-08-29,15.0,6.0,47.0,7.0,17,3,143,1,3,20,8,3,2,1776,1,451,2023-09-11
2023-08-30,5.0,3.0,103.0,8.0,17,3,143,1,3,20,8,3,0,1776,0,451,2023-09-11
2023-08-31,12.0,3.0,91.0,4.0,17,3,143,1,3,20,8,3,0,1776,0,451,2023-09-11
2023-09-01,5.0,1.0,11.0,2.0,17,3,143,1,3,20,8,3,0,1776,0,451,2023-09-11
2023-09-02,7.0,3.0,0.0,0.0,17,3,143,1,3,20,8,3,0,1776,0,451,2023-09-11
2023-09-03,0.0,0.0,4.0,2.0,17,3,143,1,3,20,8,3,0,1776,0,451,2023-09-11
2023-09-04,1.0,1.0,4.0,3.0,17,3,143,1,3,20,8,3,0,1776,2,453,2023-09-11
2023-09-05,5.0,1.0,100.0,8.0,19,1,145,0,3,21,8,3,1,1792,0,433,2023-09-18
2023-09-06,16.0,2.0,19.0,5.0,19,1,145,0,3,21,8,3,0,1792,0,433,2023-09-18
2023-09-07,5.0,1.0,37.0,6.0,19,1,145,0,3,21,8,3,1,1792,0,433,2023-09-18
2023-09-08,6.0,2.0,50.0,11.0,19,1,145,0,3,21,8,3,0,1792,0,433,2023-09-18
2023-09-09,1.0,1.0,1.0,1.0,19,1,145,0,3,21,8,3,0,1792,0,433,2023-09-18
2023-09-10,0.0,0.0,1.0,1.0,19,1,145,0,3,21,8,3,0,1792,0,433,2023-09-18
2023-09-11,20.0,2.0,43.0,7.0,19,1,145,0,3,21,8,3,0,1792,0,433,2023-09-18
2023-09-12,8.0,1.0,56.0,5.0,19,1,146,0,3,22,8,3,1,1795,0,429,2023-09-25
2023-09-13,27.0,7.0,25.0,9.0,19,1,146,0,3,22,8,3,1,1795,2,429,2023-09-25
2023-09-14,49.0,9.0,79.0,2.0,19,1,146,0,3,22,8,3,7,1795,2,431,2023-09-25
2023-09-15,3.0,3.0,8.0,3.0,19,1,146,0,3,22,8,3,0,1795,0,431,2023-09-25
2023-09-16,1.0,1.0,6.0,2.0,19,1,146,0,3,22,8,3,0,1795,0,431,2023-09-25
2023-09-17,0.0,0.0,0.0,0.0,19,1,146,0,3,22,8,3,0,1795,0,431,2023-09-25
2023-09-18,4.0,3.0,44.0,6.0,19,1,146,0,3,22,8,3,0,1795,1,432,2023-09-25
2023-09-19,2.0,1.0,25.0,5.0,19,1,146,2,3,22,8,3,0,1795,4,435,2023-10-02
2023-09-20,22.0,2.0,69.0,6.0,19,1,146,2,3,22,8,3,3,1795,3,438,2023-10-02
2023-09-21,28.0,5.0,9.0,4.0,19,1,146,2,3,22,8,3,0,1795,4,442,2023-10-02
2023-09-22,1.0,1.0,10.0,5.0,19,1,146,2,3,22,8,3,0,1795,0,442,2023-10-02
2023-09-23,0.0,0.0,1.0,1.0,19,1,146,2,3,22,8,3,0,1795,1,443,2023-10-02
2023-09-24,1.0,1.0,1.0,1.0,19,1,146,2,3,22,8,3,0,1795,0,443,2023-10-02
2023-09-25,3.0,2.0,61.0,5.0,19,1,146,2,3,22,8,3,0,1795,0,443,2023-10-02
2023-09-26,42.0,1.0,11.0,1.0,20,0,147,2,3,24,8,3,10,1811,0,459,2023-10-09
2023-09-27,17.0,1.0,60.0,9.0,20,0,147,2,3,24,8,3,0,1811,0,459,2023-10-09
2023-09-28,31.0,2.0,78.0,6.0,20,0,147,2,3,24,8,3,1,1811,0,459,2023-10-09
2023-09-29,24.0,1.0,25.0,2.0,20,0,147,2,3,24,8,3,1,1811,0,459,2023-10-09
2023-09-30,0.0,0.0,1.0,1.0,20,0,147,2,3,24,8,3,0,1811,0,459,2023-10-09
2023-10-01,0.0,0.0,1.0,1.0,20,0,147,2,3,24,8,3,0,1811,0,459,2023-10-09
2023-10-02,32.0,3.0,34.0,7.0,20,0,147,2,3,24,8,3,0,1811,22,459,2023-10-09
2023-10-03,33.0,1.0,48.0,16.0,20,0,150,0,3,24,8,4,2,1854,3,358,2023-10-16
2023-10-04,48.0,4.0,36.0,6.0,20,0,150,0,3,24,8,4,2,1854,0,358,2023-10-16
2023-10-05,32.0,2.0,109.0,6.0,20,0,150,0,3,24,8,4,6,1854,0,358,2023-10-16
2023-10-06,1.0,1.0,55.0,7.0,20,0,150,0,3,24,8,4,0,1854,2,360,2023-10-16
2023-10-07,1.0,1.0,5.0,2.0,20,0,150,0,3,24,8,4,0,1854,0,360,2023-10-16
2023-10-08,0.0,0.0,5.0,2.0,20,0,150,0,3,24,8,4,0,1854,0,360,2023-10-16
2023-10-09,3.0,3.0,44.0,7.0,20,0,150,0,3,24,8,4,0,1854,0,360,2023-10-16
2023-10-10,7.0,2.0,44.0,7.0,20,0,151,0,3,24,8,4,1,1859,0,353,2023-10-23
2023-10-11,0.0,0.0,5.0,2.0,20,0,151,0,3,24,8,4,0,1859,0,353,2023-10-23
2023-10-12,18.0,5.0,33.0,7.0,20,0,151,0,3,24,8,4,2,1859,0,353,2023-10-23
2023-10-13,18.0,6.0,40.0,4.0,20,0,151,0,3,24,8,4,3,1859,0,353,2023-10-23
2023-10-14,1.0,1.0,13.0,2.0,20,0,151,0,3,24,8,4,0,1859,1,353,2023-10-23
2023-10-15,1.0,1.0,4.0,1.0,20,0,151,0,3,24,8,4,0,1859,2,355,2023-10-23
2023-10-16,12.0,8.0,4.0,3.0,20,0,151,0,3,24,8,4,1,1859,63,418,2023-10-23
2023-10-17,8.0,3.0,20.0,7.0,20,0,151,0,3,24,8,4,3,1859,9,422,2023-10-30
2023-10-18,13.0,5.0,44.0,8.0,20,0,151,0,3,24,8,4,1,1859,4,426,2023-10-30
2023-10-19,1.0,1.0,12.0,4.0,20,0,151,0,3,24,8,4,0,1859,0,426,2023-10-30
2023-10-20,1.0,1.0,6.0,2.0,20,0,151,0,3,24,8,4,0,1859,2,428,2023-10-30
2023-10-21,0.0,0.0,12.0,4.0,20,0,151,0,3,24,8,4,0,1859,5,433,2023-10-30
2023-10-22,1.0,1.0,14.0,1.0,20,0,151,0,3,24,8,4,0,1859,0,433,2023-10-30
2023-10-23,3.0,3.0,11.0,3.0,20,0,151,0,3,24,8,4,0,1859,1,434,2023-10-30
2023-10-24,5.0,3.0,7.0,3.0,20,1,151,2,3,24,8,4,0,1859,1,431,2023-11-06
2023-10-25,0.0,0.0,11.0,3.0,20,1,151,2,3,24,8,4,0,1859,0,431,2023-11-06
2023-10-26,0.0,0.0,7.0,4.0,20,1,151,2,3,24,8,4,0,1859,3,434,2023-11-06
2023-10-27,0.0,0.0,12.0,3.0,20,1,151,2,3,24,8,4,0,1859,0,434,2023-11-06
2023-10-28,1.0,1.0,22.0,1.0,20,1,151,2,3,24,8,4,0,1859,3,437,2023-11-06
2023-10-29,0.0,0.0,1.0,1.0,20,1,151,2,3,24,8,4,0,1859,0,437,2023-11-06
2023-10-30,3.0,2.0,55.0,6.0,20,1,151,2,3,24,8,4,0,1859,0,437,2023-11-06
2023-10-31,4.0,2.0,34.0,4.0,21,0,154,2,3,24,8,4,3,1919,2,429,2023-11-13
2023-11-01,6.0,1.0,327.0,3.0,21,0,154,2,3,24,8,4,5,1919,1,430,2023-11-13
2023-11-02,0.0,0.0,107.0,6.0,21,0,154,2,3,24,8,4,0,1919,0,430,2023-11-13
2023-11-03,22.0,1.0,21.0,4.0,21,0,154,2,3,24,8,4,4,1919,1,431,2023-11-13
2023-11-04,26.0,2.0,170.0,5.0,21,0,154,2,3,24,8,4,6,1919,2,433,2023-11-13
2023-11-05,12.0,2.0,0.0,0.0,21,0,154,2,3,24,8,4,2,1919,0,433,2023-11-13
2023-11-06,9.0,5.0,39.0,6.0,21,0,154,2,3,24,8,4,3,1919,0,433,2023-11-13
2023-11-07,10.0,1.0,14.0,4.0,21,0,154,2,3,24,8,4,21,1919,1,434,2023-11-13
2023-11-08,17.0,1.0,25.0,2.0,21,0,154,2,3,24,8,4,4,1919,0,434,2023-11-13
2023-11-09,46.0,4.0,50.0,12.0,21,0,154,2,3,24,8,4,9,1919,1,435,2023-11-13
2023-11-10,28.0,4.0,287.0,7.0,21,0,154,2,3,24,8,4,0,1919,1,436,2023-11-13
2023-11-11,16.0,2.0,0.0,0.0,21,0,154,2,3,24,8,4,0,1919,1,437,2023-11-13
2023-11-12,6.0,2.0,1.0,1.0,21,0,154,2,3,24,8,4,0,1919,0,437,2023-11-13
2023-11-13,0.0,0.0,1.0,1.0,21,0,154,2,3,24,8,4,0,1919,0,437,2023-11-13
